ReactionDeletions,NoOfDels,GrowthRate,ProductFlux,CouplingStrength,DistFromIdeal
23CTI1 ACS ACSPHACP40 ASPT DHSKDH ECOAH8 ENO GDBTALDH GDPMANNDH ICDHyr ILEDHr_1 ACACT10 MACACI MALS MAN6PI METGL NADTRHD NDPK3 NFORGLUAH2 PGI PGK PHAPCP40 PPK PYK TPI HMR_0180_copy2 ADNK1 ALATA_L 3OXCOAT,29,0.05096595,3.92842678,1,1.03741748534965
ACSPHACP90 GART GLYCK GPDDA4 HACD20i HACD26i HACD32i HACD8i MACACI MAN6PI MMTSAO NDPK6 NFORGLUAH2 PGI PGK PHAPC70 PPCK PPK RHACOAE90 THRA TPI TRSARr ADK3 ADPT ECOAH2 3OADPCOAT 3OXCOAT,27,0.05693228,3.92004806,0.497017509223239,1.17090686218603
23CTI1 ACSPHAC50 CSND DHSKDH FACOAE80 FALDM FDH GPDDA4 MACACI MAN6PI NFORGLUAH2 NTP1 NTPP7 PGI PGK PGM PPCK PPK TPI URIH AKGDb_copy2 ACALD ADPT AST 3OXCOAT 4HBHYOX,26,0.05704127,3.91989501,0.452491152458562,1.18516568234419
ACSPHAC120 ACSPHAC90 CSPMDDH DLYSAD G5SD_copy1 GLUR HACD8i HPYRI KAT1 ACACT13 LSERDHr MACACI MAK MAN6PI NFORGLUAH2 PGI PGK PGL PPK RHACOAE121 RHACOAE50 RHACOAEP100 TPI ACALD AST 3OXCOAT,26,0.05762797,3.91907108,0.318503497520388,1.22915916309612
ACOAD7f ACSPHACP90 ASPCT DHMPTR ECOAH26 GART HACD32i MACACI MAN6PI NFORGLUAH2 PGI PGK PGM PHADPC60 PHAPCT40 PPK RHACOAE70 TPI HMR_0180_copy2 ACOAD23f ALATA_L 3OADPCOAT 3OXCOAT,23,0.0574187,3.90790902,0.450929749367366,1.18538101449322
ACSPHAC120 ANHMK ASPCT CSND CSPMDDH DHQTi_copy1 DHSKDH G5SD_copy1 G6PDH2r GALUi GLUCYS_copy1 GLYO1 HACD22i HIBDkt HSK MACACI MAN1PT2 MAN6PI NFORGLUAH2 PDHcr PGK PGL PHAP2C100 PPK QUIDH RHACOAE50 RHACOAEP100 TPI HMR_0180_copy2 3OXCOAT,30,0.05782524,3.90391504,1,1.02666663759925
ACS ACSPHAC120 ACSPHAC80 FACOAE100 GART GUAPRT HSK ACACT8 ACACT12 MACACI MAK MAN6PI METSOXR2 MMTSAO NFORGLUAH2 NTPP5 NTPP8 PDHcr PGI PGK PHADPCP50 RECOAH17 RECOAH22 RHACOAE121 RHACOAE141 RHACOAEP100 TPI UREA 3OXCOAT,29,0.05892964,3.50606751,1,1.03838248227048
ACOAD7f ACS ACSPHAC120 ACSPHACP50 APSR ECOAH37 ECOAH7 FDH GGGABAH HACD32i ACACT10 ACACT12 MACACI MAN6PI METSOXR2 NFORGLUAH2 NTPP5 OCOAT1 OIVD2 PDHcr PGI PGK PHADPCP50 QUIDH RECOAH17 RHACOAE141 RHACOAEP100 THRA2 TPI 3OXCOAT,30,0.0589309,3.50570848,1,1.03839616180192
ACSPHAC120 ACSPHAC80 FACOAE100 GART GUAPRT HSK ACACT8 ACACT12 MACACI MAK MAN6PI MMTSAO NFORGLUAH2 NTPP5 NTPP8 PDHcr PGI PGK PHADPCP50 RECOAH17 RECOAH22 RHACOAE121 RHACOAE141 RHACOAEP100 TPI 3OXCOAT,26,0.06018381,3.4739719,1,1.03777870171026
ACOAD7f ASPCT CSND DHORTS ECOAH26 FACOAE180 HMR_0260 GALUi GLYO1 HACD32i HACD8i HIBDkt HSK MACACI MAN1PT2 MAN6PI NFORGLUAH2 PAPSR PCADYOX PDHcr PGI PGK QUIDH TPI DHQTi_copy2 GAPDi_nadp 3OADPCOAT 3OXCOAT 4HBHYOX,29,0.06018511,3.47360453,1,1.03779328835685
ACOAD5f ACSPHAC120 ASPCT ECOAH26 ECOAH28 FACOAE1829Z12Z FDH FUM GLU5K GLYO1 HACD22i HACD6i HPPK MACACI MAN6PI MDH NFORGLUAH2 PGI PGK PHAPCP70 PPK PROD2 RECOAH2 RECOAH3 IDPh_1 ACALD ADPT ALATA_L,28,0.04067481,3.2834977,1.15145352469715,1.04588583208719
ACOAD5f ACSPHAC120 ACSPHAC121d6 ASPCT ECOAH26 ECOAH28 FACOAE1829Z12Z FDH FUM GLU5K GLYO1 HACD22i HACD6i HPPK MACACI MAN6PI MDH NFORGLUAH2 PGI PGK PHAPCP70 PPK PROD2 RECOAH2 RECOAH3 IDPh_1 ACALD ADPT ALATA_L,29,0.04067481,3.2834977,1.15145352469715,1.04588583208719
APSR DHMPTR ECOAH25 FDH FUM GLYO1 HACD5i HSK MAN6PI NADHPO PGI PGK PHAPCP90 PPK50_B PRMICI_copy1 QUIDH RECOAH4 RHACOAE90 RNDR4 AACOAT ACALD ATHRDHr 3OXCOAT,23,0.05360935,3.26765003,1.12241212991833,1.03125380009837
APSR DHMPTR ECOAH25 FACOAE80 FDH FUM GLYO1 HACD23i HACD5i HSK MAN6PI NADHPO PGI PGK PHAPCP90 PPK50_B PRMICI_copy1 QUIDH RECOAH4 RHACOAE141 RHACOAE90 RNDR4 AACOAT ACALD ATHRDHr 3OXCOAT,26,0.05360935,3.26765003,1.12241212991833,1.03125380009837
ACOAD7f ACONTb ACSPHAC80 AP4AS ASPCT ECOAH7 GLXCL HACD21i HSK ICL ACACT9 MAN6PI MDH NFORGLUAH2 PGI PGK PPCK QUIDH RHACOAE141 RHACOAEP40 ACALD 3OADPCOAT 4HBHYOX,23,0.06240345,3.25687531,1.06208337156144,1.03072132901297
ACONTb CYSTS DLYSPYRAT ECOAH8 FDH GPDDA4 HACD26i HACD32i HACD8i MACACI MALS MAN6PI NADTRHD NDPK3 NFORGLUAH2 NTPP5 PGI PGK PPCK RNDR4 UREA ACOAD23f AGMT ALATA_L 3OADPCOAT 3OXCOAT,26,0.08241554,3.23235608,0.8008034649776,1.06737974858364
ACOAD7f ACS APSR ARUH DHMPTR DLYSAD ECOAH26 FDH GDPDPK GGGABAH GLUTCOADHc GLXCL HACD32i ICL ACACT10 MACACI MAN6PI NFORGLUAH2 PDHcr PGI PGK PHAP2C141d5 PHETHPTOX3 PPS QUIDH SUCOAS THRA ACALD 3OXCOAT 4HBHYOX,30,0.09111155,3.21983257,0.888653304657862,1.03075821739437
ACOAD7f APG3PAT161 CS CYTK1 ECOAH26 FACOAE80 HACD26i HACD8i ACACT9 MAN6PI MDH ME2 METGL MMTSAO NDPK6 NFORGLUAH2 ORNCD PGI PGK PHAP2C141d5 PHAP2C142 PHAPC40 PPCK RECOAH24 RHACOAE121d6 SSALy AKGDb_copy2 3OXCOAT,28,0.09560244,3.21619922,0.994741975204817,0.996356955641005
ACOAD7f ACONTb ACSPHAC120 CYSTS DLYSPYRAT FDH HACD26i HACD32i HACD8i HSK MAN6PI MDH NFORGLUAH2 OAADC PGI PGK PGMT PPCK PPK RHACOAE121d6 UREA AKGDb_copy2 ACOAD23f ACOAD24f AGMT 3OADPCOAT 3OXCOAT,27,0.09720118,3.21424041,1.04977847938885,0.980355423847256
ACOAD7f ACONTb ASPCT CYSTS HACD21i HSK ACACT10 MAN6PI MDH NADHPO NFORGLUAH2 PAPSR PGI PGK PHAPC90 PPA PPCK ACALD BDH 3OXCOAT,20,0.10244118,3.20782025,0.877662576709874,1.01731180257242
ACOAD7f ACSPHACP50 CELLS CYTK1 ECOAH26 EDA GLUR GLXCL HACD11i ICDHyr IPDDI MAN6PI MDH ME2 NFORGLUAH2 ORNCD PGI PGK PHAPC70 PPCK SERAT_copy1 AKGDH ALATA_L ALATRS 3OXCOAT,25,0.10955015,3.19911019,0.957368748468167,0.985533862158357
ACONTb ACSPHAC142 CYSTS FDH GLUCYS_copy1 HACD23i HACD8i LPSGTR1_kt MACACI MAN6PI NADTRHD NDPK3 NFORGLUAH2 OIVD2 P5CR PGI PGK PPCK RECOAH6 RHACOAEP60 ACOAD23f ADNK1 3OADPCOAT 3OXCOAT,24,0.11218651,3.19588006,0.670199295797685,1.06493643627311
ACONTb ACSPHACP40 ASPT ECOAH28 FACOAE1829Z12Z FDH GGGABAH GRXR HACD26i HACD32i HPPK MACACI MAN1PT2 MAN6PI NFORGLUAH2 PGI PGK PHAPC40 PTRCTA2 RHACOAEP101 RHACOAEP50 IDPh_1 ACALD ADPT AGMT BPNT 3OXCOAT,27,0.11319162,3.19464858,0.529384154056634,1.10897486038437
ACOAD7f APSR ECOAH6 ENO FDH FUM GDBTALDH GDPMANNDH GLUCYS_copy1 GLXCL GLYO1 HACD22i HACD26i HACD2i HACD6i IPDDI NFORGLUAH2 NTPP1 PGI PGK PHAP2C142 PHAPCP70 PHAPCT40 RECOAH23 RECOAH3 RHACOAE140 RHACOAEP40 AKGDb_copy2 ABUTD 3OXCOAT,30,0.0516564,3.19380382,1.12524250785072,1.03815315096163
ACONTb FDH GALUi GRXR HACD1i HACD23i HACD26i HACD32i HIBDkt ACACT8 LPSGTR1_kt MACACI MAK MAN1PT2 MAN6PI NFORGLUAH2 NTPP4 PCADYOX PGI PGK PHADPCP50 RECOAH22 RHACOAE121 RHACOAE141 UREA ACOAD23f 3OADPCOAT 3OXCOAT,28,0.11742979,3.18945589,0.535288447675841,1.10161635827211
ACSPHAC90 ACSPHACP50 CYSS ECOAH6 ENO GART GDBTALDH GNK HSK ICDHyr MALS MAN6PI MDH NFORGLUAH2 PGI PGK PHAPC40 PHAPCP100 PPCK PPK PROD2 QUIDH SUCOAS ALATA_L 3OXCOAT,25,0.11956585,3.18683875,0.998443786415603,0.960222790601665
ACSPHAC50 GLUR GLYALDDr GLYO1 GTHS GTPDPK HACD26i MACACI MALS MAN6PI NFORGLUAH2 PCADYOX PGI PGK PGM PPCK RHACOAE90 SUCOAS G5SD_copy2 AKGDb_copy2 ALATA_L HBCE 3OXCOAT,23,0.12230995,3.18347661,0.634722032017837,1.06284152966372
ACOAD7f ASPCT DLMETR ECOAH7 HMR_0180_copy1 FDH GLXCL GUAPRT HACD23i ICDHyr MAN6PI MDH ME2 METGL NFORGLUAH2 ORNCD PGI PGK PHADPCP50 PHAP2C142 PPCK PPK RHACOAE121 ACALD ACOAD22f ALATRS DUTPDP 3OADPCOAT 3OXCOAT,29,0.1239303,3.18149132,1.01353985149329,0.949969885546416
CS DLYSAD FACOAE1829Z12Z GUAPRT HACD22i HACD32i HACD6i IPDDI ACACT8 ACACT13 MACACI MAN6PI ME2 MLTGY4pp NFORGLUAH2 PGI PGK PPK PTRCTA PUTA3 PYK ABTA ALATA_L DAAD2 ECOAH2 3OXCOAT,26,0.12504943,3.18012014,0.852287051608312,0.992674492037432
ACOAD7f ACSPHACP50 ASPCT CBPS DLMETR FDH GLU5K GLUR GTPDPK HACD20i HACD6i HCYSMT ICDHyr ACACT11 MAN6PI MCITD MDH ME2 METSOXR2 NFORGLUAH2 PC PGI PGK PHAP2C120 PPCK RECOAH15 RECOAH26 AGPOP ALATRS 3OXCOAT,30,0.12740581,3.17723307,0.882476709657118,0.980744921566289
ACS ACSPHAC141 CYTK1 DHMPTR DHORDfum DLYSPYRAT ECOAH26 GDBTALDH GDPMANNDH GLUDy HACD21i HEX1 HSK MACACI ME2 NFORGLUAH2 NTPP2 PGI PGK PHADPCP60 PHAPC50 PHAPC70 PRMICI_copy1 RHACOAEP100 SUCOAS ALATA_L ALCDpp BDH ECOAH1 3OXCOAT,30,0.1320563,3.17153518,0.588926616905062,1.06528297717186
ACOAD7f AP4AS CSND DHSKDH ECOAH26 HMR_0180_copy1 FALDM GART GLUR GLYK LEUTA MACACI MALS MAN6PI ME2 NFORGLUAH2 PAPSR PGI PGK PGM PGMT PHAPCT40 PPA2 PRAMPC_copy1 RHACOAET60 THRA2 TMPK ACOAD23f ALATA_L 3OXCOAT,30,0.13104363,3.17008783,0.659070799549738,1.04385685464975
ACOAD7f ACSPHAC141 ECOAH26 EDA GDBTALDH GDPMANNDH GLUR HACD8i HXAND ICDHyr IPDDI MACACI MAN6PI ME2 NFORGLUAH2 ORNCD PGI PGK PHADPCP50 SERAT_copy1 SERD_L AKGDb_copy2 AKGDH ALATA_L ALATRS AST 3OXCOAT,27,0.13367078,3.16837036,0.862165538347274,0.978021098030027
ACS ACS2 ACSPHACP90 ASPSALy CSND CYSTS CYTK1 DHSKDH FDH GALUi GLUDy GLUR GLXCL GLYO1 GPDDA4 HSK ILETA MACACI MAN6PI NDPK5 NFORGLUAH2 PGI PGK PPCK RECOAH3 AACOAT ALATA_L 3OXCOAT,28,0.13588835,3.16684008,0.681727020749019,1.03016691908328
ACOAD7f ACSPHAC120 ACSPHACP50 CYSTS DHORDfum GLUR GLYALDDr GLYO1 HACD23i HACD26i HACD32i HSK MACACI MAN6PI METGL NFORGLUAH2 NTPP3 PAPSR PGI PGK PGL PGMT PHADPCP50 PHAPC40 PPK QUIDH RHACOAE141 ADNK1 ALATA_L 3OXCOAT,30,0.13898402,3.1630472,0.827674649215068,0.980896559074381
ACS ACSPHAC90 DAAD FDH GLXCL GUAPRT HACD23i HACD32i HIBDkt ICDHyr ILEDHr_1 MACACI MAN6PI METGL NFORGLUAH2 ORNCD PCADYOX PGI PGK PHADPCP50 PHAP2C142 PPCK PPK RHACOAE121 UREA AKGDb_copy2 ACOAD22f AST 3OADPCOAT 3OXCOAT,30,0.14361551,3.15737259,0.918217050512163,0.948146319175253
ACSPHAC120 ACSPHACP60 ANHMK CYSTS DLYSPYRAT ECOAH28 GART HSK HXAND ICDHyr ACACT12 MACACI MAN6PI MCITD ME2 METGL NFORGLUAH2 PDHcr PGI PGK PPCK PPK QUIDHy RECOAH17 RNDR4 PRAMPC_copy2 SERAT_copy2 BPNT PHET 3OXCOAT,30,0.1462716,3.1541183,0.913224508380301,0.945933201941056
ACS ACSPHAC142 ACSPHAC50 ACSPHAC60 ASPSALy FDH GDPDPK GLUR GLUTCOADHc GLYALDDr ACACT12 MACACI MAN6PI NFORGLUAH2 ORNCD PCADYOX PGI PGK PHAP2C141d5 PHAPC70 PPCK PRPPS RHACOAE90 SERD_L SUCOAS AKGDb_copy2 AST HBCE 3OADPCOAT 3OXCOAT,30,0.14714738,3.15304527,0.584400211543012,1.0479679756719
ACSPHAC120 CSND CYTK1 DHMPTR DHORDfum ECOAH26 ECOAH27 FACOAL50i G6PDH2r GLYO1 HACD3i MACACI MAN6PI NFORGLUAH2 NTPP2 PDHcr PGI PGK PHADPC121 PHADPCP60 PPCK PRMICI_copy1 THRD_L AKGDb_copy2 AKGDb_copy1 BPNT ECOAH17 3OXCOAT,28,0.15326189,3.14555365,0.874778981258811,0.947704214047904
ACOAD7f ACSPHAC80 ASPCT DHMPTR ECOAH26 FDH HACD1i HACD32i MACACI MAN6PI ME2 NADHPO NFORGLUAH2 PGI PGK RNDR4 ACOAD23f ALATA_L 3OXCOAT,19,0.15587649,3.13915269,0.545066032728861,1.05101311279401
ACOAD7f APG3PAT160 CYTK1 DHORDfum DHSKDH ECOAH26 ECOAH36 ENO FALDM GLXCL HACD26i MACACI MAN6PI NFORGLUAH2 NMNDA NTD7 NTPP5 ORNCD PDHcr PGI PGK PHAP2C100 PHAPCT40 PPCK SERD_L UREA ARGDI HBCHLR 3OXCOAT 4HBHYOX,30,0.14935164,3.1113803,0.923168168759312,0.941565927149283
ACOAD7f ACSPHACP80 ACSPHACP90 CYSTS ECOAH26 HMR_0188 FACOAL160 FACOAL50i FDH FUM GGGABAH GLXCL GTPDPK HACD8i LPSGTR1_kt MAN6PI MCITD NTPP5 PGI PGK PHAP2C141d5 RHACOAE90 RHACOAEP90 THRA ACALD ADNCYC CYTOM,27,0.1134091,3.10111591,1.03708342523708,0.965559249706382
APG3PAT160 ENO FACOAE1829Z12Z FDH FUM GGGABAH GLYCTO1 HACD6i HACD8i CTECOAI7 HIBDkt MAN6PI MCITD NDPK3 NTP3 PDHa PGI PGK PGM PHAPC50 PHAPCT40 PPCK QUIDHy RECOAH3 ABTA AKGDb_copy1 BDH,27,0.04174156,3.09625893,1.12918816192159,1.05967932443145
ACOAD7f ACSPHAC80 ACSPHACP90 ASPCT DHSKDH DLYSAD FACOAE1829Z12Z FDH FUM GDPMANNDH HACD22i HACD4i KAT1 MAN6PI PGI PGK PHETA1 RBK RHACOAE121 RHACOAEP80 DMALRED ACALD ADPT DCTPD 3OXCOAT,25,0.11051686,3.08431616,1.04338666111324,0.969631337111231
ACS FDH GDPMANNDH GLXCL GTPDPK ICDHyr IMPD IPDDI ACACT10 MACACI MAN6PI MDH ME2 NFORGLUAH2 OXDHCOAT PGI PGK PGM PGMT PHAPC50 PPCK PPK RECOAH24 RECOAH3 RECOAH9 AKGDb_copy2 ADNK1 ALATA_L BPNT 3OADPCOAT,30,0.1198776,3.07803565,1.04269884593442,0.955813284456597
ACS2 ACSPHAC90 ASPSALy CAT CYSTS DHSKDH ENO FDH FUM GALUi GAPD GLXCL HSK ICDHyr ILETA LYSMO MAN6PI NFORGLUAH2 PGI PGK PGL PGM PHAPC50 DMALRED HMR_0180_copy2 AKGDb_copy2 ACALD ACOAD23f DUTPDP,29,0.04520379,3.07475248,1.13009177246033,1.05515762255291
ACOAD7f ACSPHAC120 ACSPHACP40 APSR CSND CYTK1 ECOAH28 FACOAL50i G6PDH2r GGPTRCS GLXCL GTHPi HACD3i ACACT12 MACACI MAN6PI NFORGLUAH2 PGI PGK PPCK PPS RECOAH3 RHACOAE142 SERD_L AKGDb_copy1 3OXCOAT,26,0.14641598,3.05275148,1,0.928763977692034
ACSPHAC141 ACSPHACP80 CYSTS DLYSAD ECOAH26 ENO FDH FUM GDBTALDH GDPMANNDH HACD26i HACD8i HSK HXAND ICDHyr ACACT13 NFORGLUAH2 PGI PGK PHAP2C141d5 RECOAH22 RHACOAEP80 SERAT_copy1 SERD_L AKGDb_copy2 ADNCYC AKGDH AST 3OXCOAT,29,0.05081282,3.04917921,1.13118284379225,1.04738959587552
ACS ACSPHAC120 ASPCT GLU5K GLXCL GUAPRT HACD32i MACACI MAN6PI MLTGY4pp NFORGLUAH2 NTPP1 NTPTP2 PGI PGK PGL PGM PHAPC40 PPCK PPK PUTA3 RHACOAE121 RHACOAE90 IDPh_1 NDP8 AKGDb_copy2 ACALD ADA 3OADPCOAT 3OXCOAT,30,0.14774448,3.0425145,1.02303858864107,0.921411593601366
ACOAD7f ACSPHAC142 ASPT ECOAH26 GLU5K GLUCYS_copy1 GLXCL HACD20i HCO3E MACACI MAN6PI ME2 NFORGLUAH2 NTPP1 PALGSKT PGI PGK PGM PHAP2C142 PHAPCT40 RECOAH14 RECOAH3 RHACOAE121d6 RHACOAEP40 SERAT_copy1 AKGDb_copy2 ABUTD ACALD ADNCYC 3OXCOAT,30,0.15195223,3.03423201,0.930973109114621,0.94117547154333
ACSPHAC121d6 ACSPHACP80 CYSTS DLYSAD ENO FACOAE100 FDH FUM GDPMANNDH HACD26i HACD8i HSK ICDHyr ILEDHr_1 ACACT13 METGL NFORGLUAH2 PDHcr PGI PGK PGM PHAP2C141d5 PPCK RECOAH22 RHACOAEP80 AKGDb_copy2 ADNCYC ADPT BPNT 3OXCOAT,30,0.04983939,3.02324248,1.13230827584825,1.0504820558276
ACS ACS2 ASPCT ENO FACOAE1829Z12Z FACOAL161 FALDM FDH FUM GAPD GDPMANNDH GLXCL HACD32i ICDHyr MAN6PI ME2 NFORGLUAH2 PDHcr PGI PGK PGM PHETHPTOX3 PUTA3 RECOAH24 RHACOAE140 SERD_L AKGDb_copy2 ACOAD24f ALATA_L 3OADPCOAT,30,0.05007599,3.02177052,1.13237272564298,1.05018047742141
ACS ACSPHAC120 ASPCT FACOAE80 GLXCL GUAPRT HACD32i MACACI MAN6PI MLTGY4pp NFORGLUAH2 NTPP1 NTPTP2 PGI PGK PGL PGM PHAPC40 PHAPCT40 PPCK PPK PUTA3 RHACOAE121 RHACOAE90 IDPh_1 NDP8 AKGDb_copy2 ADA 3OADPCOAT 3OXCOAT,30,0.14949251,3.01496615,1.02324909684309,0.920873362118348
CYSTS ECOAH26 EDA ENO GDBTALDH GLU5K GLXCL HSK ACACT9 MACACI MAN6PI ME2 NFORGLUAH2 NTPP2 P5CR PALGSKT PDHcr PGI PGK PGM PHAP2C141d5 PHAPCT40 PPK RECOAH14 RECOAH3 RECOAH6 RHACOAEP40 AKGDb_copy2 ADNCYC 3OXCOAT,30,0.15387755,3.00118095,1.02189614391628,0.915848579356226
ACSPHACP80 DAAD FACOAL141 GGGABAH GLUR ACACT13 LEUTA MACACI MAN6PI NFORGLUAH2 PAPSR PGI PGK PGM PHADPCP50 PPK RECOAH22 RHACOAEP60 3OXCOAT,19,0.15423908,3.00040056,0.795262523609451,0.980609704347239
ACSPHACP90 ANHMK DLYSPYRAT ECOAH4 FUM GALUi GART GDPMANNDH HACD8i ICL ACACT12 MALS MAN6PI NFORGLUAH2 NTD9 PC PDE4 PGI PGK PHAP2C141d5 PHAPCP70 PPCK PPK50_B PPK RHACOAE121 TMPK HMR_0180_copy2 AKGDb_copy2 ALATA_L 3OXCOAT,30,0.06074998,2.9890857,1.08432504962972,1.0453184424344
ACS ACS2 ASPCT CAT ENO FALDM FDH FUM GAPD GDPMANNDH GLXCL HPYRRx ICDHyr IPDDI MAN6PI ME2 NDPK5 NFORGLUAH2 NTPTP2 PGI PGK PGM RECOAH24 RHACOAE140 SERD_L SUCOAS AKGDb_copy2 ADNK1 ALATA_L 3OADPCOAT,30,0.04323151,2.9860235,1.13395741862045,1.06349423887584
ACSPHAC70 CS DLMETR DLYSAD GLUR HACD22i HACD32i HACD6i ICL IMPD IPDDI ACACT13 MAN6PI NFORGLUAH2 ORNDC PGI PGK PPCK PPK PYK RECOAH9 UPPRT AKGDb_copy2 ABTA ACALD AKGDH ALATA_L DAAD2 ECOAH2 3OXCOAT,30,0.06264629,2.97336132,1.08477099244703,1.04327222609244
ACS ACS2 ACSPHAC60 ASPCT ASPSALy ENO FDH FUM GAPD GLXCL HPYRRx ICDHyr ACACT12 MAN6PI ME2 NDPK5 NTPTP2 ORNCD PCADYOX PGI PGK PGM PHADPCP50 PPS RECOAH24 SERD_L SUCOAS AKGDb_copy2 ADNK1 3OADPCOAT,30,0.04934621,2.96100027,1.13508948447343,1.05499056349848
ACS2 ASPCT ASPSALy ENO FALDM FDH FUM GDPMANNDH GLXCL HACD32i ICDHyr MAN6PI ME2 NADHPO NFORGLUAH2 PCADYOX PGI PGK PGM PHAP2C120 PHAP2C142 PHETA1 PPS R15BPK RHACOAE50 SERD_L SUCOAS AKGDb_copy2 ALATA_L 3OADPCOAT,30,0.0479888,2.94780471,1.13569419936235,1.05800977286529
CYTK1 FACOAE100 GART GLU5K GLXCL GUAPRT HACD32i HACD6i HSK KAT1 MACACI MAN6PI METSOXR1 MLTGY4pp NFORGLUAH2 NTP3 NTPTP2 PGI PGK PPCK THIORDXi HMR_0180_copy2 AACOAT PHET 3OADPCOAT 3OXCOAT,26,0.15446744,2.93791583,0.615916338096883,1.04222862724263
ACOAD7f ACSPHAC120 APSR CYTK1 ECOAH28 FALDM GDPTPDP GGGABAH GGPTRCS HACD26i HACD6i ACACT12 LYSDC MACACI MAN6PI NFORGLUAH2 OAADC PAPSR PGI PGK PPCK RECOAH3 RHACOAE142 SERD_L ALATA_L 3OXCOAT,26,0.15467449,2.93738583,0.596168379155477,1.04858397589837
ACSPHAC120 ACSPHAC140 ACSPHAC90 ACSPHACP50 ASPCT ECOAH26 FUM GLU5K GLXCL GLYO1 HACD6i HSK ICDHyr MAN6PI MDH NFORGLUAH2 PGI PGK PHAPCP100 PHAPCP70 PPCK PPK PROD2 QUIDH RECOAH2 RECOAH3 SUCOAS ALATA_L 3OXCOAT,29,0.07876185,2.93561622,1.06597736062379,1.02454875611847
ACSPHAC120 CYTK1 DHORDfum FUM GDPMANNDH HACD21i HACD6i HPPK ICDHyr IMPD KAS15 ACACT13 MACACI MAN6PI MDH ME2 NFORGLUAH2 PGI PGK PHADPCP60 PHAPC50 PRMICI_copy1 THRA PRAMPC_copy2 AKGDb_copy2 ALATA_L DAAD2 3OXCOAT,28,0.08118078,2.92340155,1.06488698755735,1.02189067203408
ACS ACS2 ASPCT ENO FACOAE1829Z12Z FACOAL161 FALDM FDH FUM GAPD GDPMANNDH GLXCL HACD32i ICDHyr MAN6PI ME2 NFORGLUAH2 PDHcr PGI PGK PGM PUTA3 RECOAH24 RHACOAE140 SERD_L SUCOAS AKGDb_copy2 ACOAD24f ALATA_L 3OADPCOAT,30,0.04733136,2.92329065,1.13683210049606,1.06059160125751
ACSPHAC120 ACSPHAC90 CAT CELLS CYSTS FDH FUM GAPD GLXCL HACD26i HSK ICL LYSMO MAN6PI MLTGY4pp NFORGLUAH2 OMPDC PCADYOX PGI PGK PGL PHAP2C80 PHAPC50 TRYPTAOX HMR_0180_copy2 AKGDb_copy2 ACALD ACOAD23f DUTPDP 3OADPCOAT,30,0.06810241,2.90175973,1.08686273621972,1.03926131115022
ASPCT CYTK1 DHORDfum EDA ENO FDH GDPMANNDH GLXCL HACD8i ICL IMPD MACACI MAN6PI MDH MGCH MMTSAO NFORGLUAH2 NTP3 NTPP4 PGI PGK PHAPCT40 PPCK RECOAH2 RECOAH3 SUCOAS IDPh_1 AGMT ALATA_L 3OXCOAT,30,0.08657954,2.88923987,1.0636845704334,1.01627909349887
ACOAD5f ACOAD7f ACS ASPCT CSND DHSKDH ECOAH28 FACOAE1829Z12Z FDH FUM HACD6i MAN6PI MDH NFORGLUAH2 PDHcr PGI PGK PPK PROD2 RECOAH15 RECOAH3 RHACOAE70 ADPT ALATA_L 3OXCOAT,25,0.08195839,2.86787153,1.0661433812553,1.02458041577579
ACOAD7f ACONTb ACSPHAC80 AP4AS APG3PAT160 ASPCT ECOAH7 FACOAE1829Z12Z FDH FUM GDPTPDP HACD22i HACD6i ICL ACACT9 MALTT MAN6PI MDH ME2 NFORGLUAH2 NTP3 PGI PGK PPCK RHACOAE140 RHACOAE141 RHACOAEP40 IDPh_1 ACALD 3OADPCOAT,30,0.06979843,2.85690635,1.08822647966742,1.03964173211996
ACS2 ECOAH26 FACOAL160 FDH FUM GLUR HACD26i HIBDkt HSK ICDHyr LPSGTR1_kt MAN6PI NADTRHD NFORGLUAH2 NMNDA OMPDC PGI PGK PGL PPCK PPK2 RECOAH22 RECOAH26 RECOAH3 VALDHr ACOAD23f 3OXCOAT,27,0.09118682,2.82340078,1.06516963560519,1.01391854973738
ACOAD7f ACONTb ACSPHAC80 APG3PAT160 ASPCT FACOAE1829Z12Z FDH FUM GDPMANNDH GDPTPDP HACD22i HACD6i ICL LLEUDr MALTT MAN6PI MCITD MDH ME2 NTP3 PGI PGK PPCK RHACOAE140 RHACOAE141 RHACOAEP40 IDPh_1 AKGDb_copy2 ACALD 3OADPCOAT,30,0.07190875,2.81293342,1.08440276201063,1.04054884582318
ACOAD7f ACONTb ACSPHAC80 AP4AS ASPCT ECOAH7 FACOAE1829Z12Z FDH FUM GLUR GLYCTO1 HACD22i HACD6i ICL MACACI MALTT MAN6PI MCITD MDH ME2 NFORGLUAH2 NTP3 PGI PGK PPCK RHACOAE140 RHACOAEP40 IDPh_1 ACALD 3OADPCOAT,30,0.06948624,2.8018617,1.08995975425911,1.04402529324492
ACOAD7f ACONTb AP4AS APG3PAT160 ECOAH7 FACOAE100 FACOAE1829Z12Z FDH FUM GLUR HACD22i HACD32i HACD6i ICL MALTT MAN6PI MDH ME2 NFORGLUAH2 NTP3 PDHcr PGI PGK PPCK RHACOAE140 RHACOAEP40 IDPh_1 ACALD ALDD1,29,0.07108984,2.78872359,1.08606087776523,1.04338702429142
ACOAD7f ACSPHAC80 ACSPHACP90 AP4AS ASPCT ASPT DHSKDH FACOAE1829Z12Z FDH FUM GDPTPDP GGPTRCS HACD20i HACD22i HACD6i ICL MACACI MALTT MAN6PI NFORGLUAH2 PGI PGK PPCK RECOAH3 RHACOAEP40 DMALRED AKGDb_copy2 ACALD 3OXCOAT,29,0.08987349,2.775312,1.06629885216509,1.01958631398182
ACONTb ACSPHAC141 ACSPHACP80 ASPSALy FDH FUM GLU5K GLXCL HACD32i HACD6i ICDHyr ILEDHr_1 ACACT12 MALS MAN6PI MCITD MMTSAO NFORGLUAH2 ORNCD PCADYOX PDE4 PDHa PGI PGK PPCK AKGDb_copy2 AST HBCE 3OADPCOAT,29,0.089002,2.76413281,1.06656698959411,1.02179051519693
ACOAD7f ACSPHAC80 ACSPHACP50 AP4AS FDH FUM GLUR GTPDPK HACD20i HACD22i HACD6i HACD8i HPPK ICDHyr KAS15 ACACT11 ACACT13 MAN6PI MDH ME2 METSOXR2 NFORGLUAH2 ORNDC PGI PGK RECOAH9 VALDHr DHQTi_copy2 DAAD2 3OXCOAT,30,0.0945541,2.75064005,1.06222653160307,1.01535671327569
ACONTb CS ECOAH8 FACOAL161 FDH FUM G5SD_copy1 GLUR HACD22i HACD6i ICL ACACT12 LYSDC MAN6PI MCITD MDH NFORGLUAH2 ORNDC PGI PGK PGMT PHAPC50 PUTA3 RECOAH14 RECOAH4 RECOAH6 RNDR4 IDPh_1 PHET 3OXCOAT,30,0.09387147,2.74300751,1.06239967968589,1.01700378886429
APG3PAT160 APSR ASPCT DHSKDH ECOAH6 FACOAE181 FDH FUM GDPDPK GGGABAH GLU5K GTPDPDP HACD11i HACD6i ICDHyr MACACI MAN6PI NFORGLUAH2 NTPP5 PC PGI PGK PHADPCP60 PHAP2C141d5 RECOAH14 RECOAH9 ALDD2y BGLApp 3OXCOAT 4HBHYOX,30,0.10881023,2.72484761,1.05194362410601,0.998250981229854
ACSPHAC120 DHMPTR DHSKDH ECOAH4 GGGABAH GLUR GLXCL GRXR HACD8i ACACT9 MACACI MAN6PI NFORGLUAH2 NTPP4 PCADYOX PGI PGK PHAP2C121d6 PPK RECOAH21 RECOAH3 RHACOAE90 THRA ALDD19xr DCTPD 3OADPCOAT 3OXCOAT,27,0.15482383,2.72406391,0.746190234410297,1.01680373930868
ACONTb EDA FDH FUM GLU5K GLUR HACD22i HACD26i HACD6i ICDHyr LYSDC MALS MALTT MAN6PI MLTGY4pp NFORGLUAH2 NTPP5 PDE4 PDHcr PGI PGK PHADPC121 PHAPC90 PHAPCP90 PPCK PPK50_B RECOAH6 RHACOAEP100 RHACOAEP40 3OADPCOAT,30,0.08803662,2.71490608,1.06777398354789,1.02711242793571
ACOAD7f ACS APG3PAT160 ASPSALy CSND DHSKDH FALDM FDH FUM GLUR HACD26i ICDHyr MAN6PI MDH NFORGLUAH2 NTPP2 PDHcr PGI PGK PHAPCT40 PRAMPC_copy1 RECOAH15 RECOAH3 RHACOAE70 3OXCOAT,25,0.09291551,2.70532722,1.06326879378384,1.02145950223257
ACONTb ASPSALy FDH FUM GLU5K GLXCL HACD6i ICDHyr ILEDHr_1 LYSDC MALS MAN6PI NFORGLUAH2 ORNCD PDE4 PDHa PDHcr PGI PGK PHADPC121 PPCK PPK50_B RHACOAEP100 RHACOAEP40 AST 3OADPCOAT,26,0.0835786,2.69358953,1.06831033383175,1.03566934507111
ACSPHAC120 ACSPHAC121 ACSPHAC50 CSPMDDH FACOAE100 FACOAE1829Z12Z HACD32i HACD8i KAT1 MACACI MAN6PI NFORGLUAH2 PDHcr PGI PGK PHAPCT40 PPCK PPK PPS PRPPS RECOAH3 RHACOAE141 TRSARr PRAMPC_copy2 ADK4 BPNT DCTPD2 HBCE HBCHLR 3OXCOAT,30,0.15540774,2.69230912,0.91966867287305,0.967794765027925
ACONTb ACS2 ACSPHAC80 APG3PAT160 ASPCT ECOAH26 FACOAL160 FDH FUM GDPMANNDH GLUR HACD22i HSK ICL MAN6PI MDH NADTRHD NMNDA NTP3 OMPDC PGI PGK PGL PPCK PPK2 RECOAH26 RHACOAE141 RHACOAEP40 3OADPCOAT 3OXCOAT,30,0.0893928,2.6864022,1.06849309459321,1.02729192679336
ACOAD7f ACS ASPCT DHMPTR DLYSAD FDH FUM GDPDPK GGGABAH HACD11i HACD32i ICL ACACT10 MACACI MAN6PI NFORGLUAH2 NMNDA NTPP5 PDHa PDHcr PGI PGK PPS RECOAH6 RHACOAET60 THRA 3OXCOAT 4HBHYOX,28,0.1062155,2.67249358,1.0529611973848,1.00649992006742
ACOAD6f ACSPHAC80 CELLS ECOAH31 ECOAH6 FDH FUM GLU5K GTPDPDP HACD22i HACD6i HPPK ICDHyr MACACI MAN6PI MDH NFORGLUAH2 PGI PGK PHAPCP70 PRAMPC_copy1 PROD2 RECOAH2 ACALD ADPT,25,0.09471025,2.66738141,1.05912701101115,1.02294528430394
ACSPHAC80 FDH FUM GDPMANNDH HACD11i HACD32i ICL ILEDHr_1 IPDDI LYSMO MACACI MAN6PI MCITD MDH METSOXR1 NFORGLUAH2 NMNDA NTPP5 PDHa PGI PGK PHADPCP60 PHADPCP80 PPK50_B RECOAH14 RECOAH21 RECOAH3 RECOAH6 RHACOAET60 HBCE,30,0.09618105,2.65705053,1.05935690278348,1.02155910798405
ACONTb ACSPHAC80 ASPCT FDH FUM G5SD_copy1 GLUR GLXCL HACD22i HACD6i ICL ILEDHr_1 ACACT8 ACACT12 MACACI MAN6PI MCITD NFORGLUAH2 PGI PGK PPK50_B PYK RECOAH14 RECOAH4 RECOAH6 RHACOAE80 RNDR4 DAAD2 HBCE 3OXCOAT,30,0.10148167,2.64064432,1.0535999713888,1.01631649249339
ACOAD6f ACSPHAC121 ACSPHAC80 DHSKDH ECOAH6 ENO FACOAE181 HMR_0188 FBA FDH FUM GLU5K GTPDPDP HACD11i HACD6i ICDHyr MAN6PI NFORGLUAH2 PC PGI PGK PHADPCP60 PPCK PRAMPC_copy1 HBRCH ALDD2y ACALD ADPT ALAR BGLApp,30,0.04001429,2.63105395,1.15984903312226,1.09057861846884
ACOAD6f ACSPHAC121 ACSPHAC80 DHSKDH ECOAH6 ENO FACOAE181 HMR_0188 FBA FDH FUM GLU5K GTPDPDP HACD11i HACD6i ICDHyr MAN6PI ME2 NFORGLUAH2 PC PGI PGK PHADPCP60 PPCK PRAMPC_copy1 HBRCH ALDD2y ACALD ADPT ALAR,30,0.04001429,2.63105395,1.15984903312226,1.09057861846884
ACS2 ACSPHAC50 CYSTS DHSKDH FDH FUM GLUR GLYALDDr GRXR ICDHyr MACACI MALS MAN6PI MDH NFORGLUAH2 PC PGI PHAP2C141 PHAPC40 PHAPC50 PPCK PRAMPC_copy1 RECOAH6 RHACOAE142 RHACOAE80 URIH GAPDi_nadp ACALD ALATA_L,29,0.0408771,2.63028605,1.16459851581542,1.08834074300625
ACONTb ASPCT ECOAH26 ECOAH7 FACOAE1829Z12Z FDH FUM GLU5K GLUR GLYO1 HACD22i HACD6i HPPK MACACI MAN6PI MDH NFORGLUAH2 NTP3 NTPP5 PGI PPK RECOAH3 RECOAH9 RHACOAE90 RHACOAEP40 IDPh_1 SERAT_copy2 ACALD ALATA_L BPNT,30,0.04117797,2.63001827,1.17490372795015,1.08591081832439
ACONTb ASPCT ECOAH26 ECOAH7 FACOAE1829Z12Z FDH FUM GLU5K GLUR GLYO1 HACD22i HACD6i HPPK HXAND MACACI MAN6PI MDH NFORGLUAH2 NTP3 PGI PPK RECOAH3 RECOAH9 RHACOAE90 RHACOAEP40 IDPh_1 SERAT_copy2 ACALD ALATA_L BPNT,30,0.04117797,2.63001827,1.17490372795015,1.08591081832439
ACONTb ASPT FBP FDH FUM GLUR GLUSy GLYALDDr GLYO1 GND HACD6i HCYSMT IPDDI KAS15 ACACT10 MAN6PI MDH NDPK3 NTPP2 OMPDC PGI PHADPC121 PHAPC90 PPCK AKGDb_copy2 ACALD ADNUC AKGDH ALATA_L ALCD19,30,0.04766527,2.62424458,1.1558120356297,1.07965451576161
ACONTb FBP FDH FUM GLUR GLUSy GLYALDDr GLYO1 GND HACD6i HCYSMT IPDDI KAS15 ACACT10 MAN6PI MDH NTPP2 ORPT PC PGI PHADPC121 PHAPC90 PPCK SFGTHi AKGDb_copy2 ACALD ADNUC AKGDH ALATA_L ALCD19,30,0.04783789,2.62409094,1.15582115839324,1.07938950792283
ACS2 ACSPHAC50 ACSPHACT60 CYSTS DHSKDH FDH FUM GGPTRCS GLUR GLYALDDr GNK GRXR MACACI MALS MAN6PI MDH NFORGLUAH2 PC PGI PHAP2C141 PHAPC40 PPCK PRAMPC_copy1 RECOAH6 RHACOAE142 RHACOAE80 GAPDi_nadp ACALD ADNCYC ALATA_L,30,0.05437862,2.6182697,1.10811602792485,1.0790796315359
ACONTb APSR DLMETR ECOAH25 FDH FUM GG15DAPDxr GLYO1 HACD26i HACD5i HPPK HSK LEUTA MALS MAN6PI MDH NADTRHD NTD11 ORPT PGI PHAPCP90 QUIDH RECOAH3 RHACOAE90 AACOAT ACALD ADPT ATHRDHr 3OADPCOAT 3OXCOAT,30,0.05678869,2.61612473,1.14066607596343,1.06881499462451
ACONTb ACSPHACP50 ASPCT ECOAH26 FDH FUM GLU5K GLYO1 HACD6i HACD8i HPPK ICDHyr MAN6PI MDH NFORGLUAH2 NTP3 NTPP5 PGI PPK RECOAH3 RECOAH9 RHACOAE90 RHACOAEP40 IDPh_1 SERAT_copy2 ACALD ALATA_L ECOAH1 3OADPCOAT,29,0.06082914,2.61252873,1.119036363669,1.06714570256448
ACOAD7f ACONTb ACSPHACP50 ASPCT DHMPTR FDH FUM GDBTALDH GLU5K GLYO1 HACD8i ICDHyr IPDDI MAN6PI MDH NFORGLUAH2 NTP3 NTPP5 PGI PHAPC50 PPK RECOAH3 RECOAH9 RHACOAE90 RHACOAEP40 ACALD ALATA_L 3OADPCOAT,28,0.06167095,2.61177952,1.11741675269741,1.06622019905789
ACONTb ASPCT ECOAH26 ECOAH7 FACOAE1829Z12Z FDH FUM GLU5K GLUR GLYO1 HACD22i HACD6i HPPK MACACI MAN6PI NFORGLUAH2 NTP3 NTPP5 PAPSR PGI PPK RECOAH3 RECOAH9 RHACOAE90 RHACOAEP40 IDPh_1 SERAT_copy2 ACALD ALATA_L BPNT,30,0.06530192,2.60854796,1.11285972292417,1.06174605768441
ACONTb APSR ASPCT ENO HMR_0260 FACOAE1829Z12Z FDH FUM GLU5K GLUSy GLXCL ACACT10 LSERDHr MAN6PI NTPP5 ORPT PGI PPK RECOAH25 RHACOAE121 RHACOAE90 XTSNH IDPh_1 ACALD AGMT ALATA_L,26,0.0692924,2.60499643,1.10866691283719,1.05669325784859
ACOAD7f ACONTb ACSPHAC120 ANHMK CS ECOAH26 ECOAH6 ECOAH7 ENO FDH FUM GDPMANNDH GLU5K GLYO1 HACD22i HACD6i HACD8i HPPK HSK IMPD MAN6PI NFORGLUAH2 PGI PPK RECOAH3 RECOAH9 RHACOAEP40 IDPh_1 ACALD BPNT,30,0.07292108,2.6017669,1.09429489244405,1.05438589437749
ACONTb APSR FDH FUM GLYO1 HACD26i HACD5i HACD6i HCYSMT IPDDI KAS15 LEUTA MAN6PI MDH NADTRHD NTD11 ORPT PGI PHAPC90 PHAPCP90 PPCK PPK2 PPK50_B RECOAH3 SFGTHi AKGDb_copy2 AACOAT ACALD AGMT AKGDH,30,0.07554575,2.59943095,1.10486625543948,1.04825410655467
ACOAD7f AMPN ANHMK ENO FDH FUM G5SD_copy1 GLUR HACD22i HACD32i HSK ICDHyr ICL ACACT12 MACACI MAN6PI MCITD METGL NFORGLUAH2 PGI PGL PHAPCT40 PPS QUIDH ADD ACALD AGMT ALATA_L CYTOM,29,0.07573514,2.59926239,1.09935342079874,1.04915522023681
ACOAD7f ACONTb ACSPHAC80 AMPN ENO FUM GLUR GLXCL HSK ICL ACACT9 MACACI MAN6PI MDH METGL NFORGLUAH2 PGI PPCK QUIDH RHACOAEP40 ADD ACALD ALATA_L CYTOM,24,0.0829164,2.59287107,1.08110149109728,1.04261316198382
23CTI1 ACONTb ACS ACSPHAC50 DAAD DLMETR FALDM FDH FUM GLYO1 HACD26i HSK LEUTA MACACI MALS MAN6PI MDH NTP1 NTPP7 PGI PPCK PPK RHACOAE90 SUCOAS TPI AKGDb_copy2 ADPT ATHRDHr 3OADPCOAT 3OXCOAT,30,0.09578477,2.58141822,1.08146131005459,1.02392361276307
CS DLYSAD FBACS FDH GLYCK HACD26i HACD6i HIBDkt HSK IMPD IPDDI ACACT11 MAN6PI NFORGLUAH2 NTPP5 ORNDC PGI PGMT PPCK PPS PYK RBK RHACOAE90 RHACOAEP90 TRSARr ABTA ACALD DAAD2,28,0.09983617,2.57781248,1.07613690736729,1.01932064923588
ACOAD4f ACONTb ACS DAAD DLMETR FDH FUM GG15DAPDxr GLUDxi GLYO1 HACD5i HACD8i HSK LEUTA MALS MAN6PI MCITD MDH NTPP4 ORPT PGI PHAPCP90 QUIDH RHACOAE90 AACOAT ACALD ADPT ATHRDHr 3OADPCOAT 3OXCOAT,30,0.05386958,2.57442109,1.14714901593663,1.07576676979569
ACONTb FBP FDH FUM GLYO1 HACD6i HCYSMT ILEDHr_1 IPDDI KAS15 ACACT13 MAN6PI ORPT PGI PHADPC121 PHAPC90 PPCK PPK2 PPK50_B SFGTHi TPI AKGDb_copy2 ADNUC AGMT AKGDH ALATA_L ATHRDHr,27,0.10450167,2.57366018,1.07799291901855,1.01225089449174
ACONTb ACSPHAC120 ACSPHAC141 ECOAH37 ECOAH6 FDH FUM GDPMANNDH GLU5K GLUR GLYO1 HACD11i HACD2i HACD6i ACACT12 MAN6PI NFORGLUAH2 PDE4 PGI PGM PHAP2C141d5 PHAPCP70 PPCK PPK50_B AKGDb_copy2 ALATA_L AST PHET HBCE 3OXCOAT,30,0.10695276,2.57147871,1.07155416036869,1.01024676212618
DLYSAD ECOAH27 ECOAH6 ECOAH7 FACOAE1829Z12Z FUM GLXCL GLYK HACD3i HACD4i HACD6i HSK ICL MAK MAN6PI NTP3 PAPSR PGI PHAPCT40 PHETA1 PPCK PPK50_B PPS RECOAH17 RHACOAE121 AKGDb_copy2 ACALD AKGDb_copy1 DUTPDP,29,0.11584433,2.56356522,1.04785002895304,1.00329553194806
ACSPHAC90 ANHMK ECOAH27 ENO FDH FUM GALUi GLXCL HACD23i HACD32i ILEDHr_1 ACACT8 LLEUDr LSERDHr MAN6PI NFORGLUAH2 NMNDA PAPSR PGI PGM PHAP2C142 PPCK RECOAH6 RHACOAE80 RHACOAE90 RHACOAEP50 TRSARr XPPT ACALD HBCE,30,0.12521923,2.55522155,1.05760752917883,0.987976710901905
ACSPHACT40 FBACS FBP FDH FUM GLYO1 HACD26i HACD6i HSK ILEDHr_1 IPDDI ACACT13 MAN6PI NTPP5 PCADYOX PGI PGMT PHADPC121 PHAPC90 PPCK PPK2 RHACOAE90 AKGDb_copy2 SERAT_copy2 ACALD AGMT DAAD2,27,0.13758961,2.54421192,1.04427617806303,0.974296569610184
ACS ACSPHAC120 ACSPHAC80 ASPCT GLU5K GUAPRT HACD22i ICL ACACT9 MACACI MAN6PI MDH NFORGLUAH2 NTP3 NTPP1 NTPTP2 PGI PGK PGM PPCK PUTA3 RHACOAE121 RHACOAE141 IDPh_1 ACALD 3OADPCOAT 3OXCOAT,27,0.14658752,2.53620377,1.0259104929885,0.9667932294137
ACSPHACP40 ARGDr CYSTS ENO GLUCYS_copy1 GLYK HSK ACACT10 MALS MAN6PI MMTSAO NADHPO NFORGLUAH2 PAPSR PC PGI PGK PHAPC90 PPA PPCK RHACOAEP60 DHQTi_copy2 ACALD BDH 3OXCOAT,25,0.15915474,2.52501894,0.646553725010012,1.06004841996819
ARGDr CYSTS ENO GLUCYS_copy1 GLYK HSK ACACT10 MALS MAN6PI MMTSAO NADHPO NFORGLUAH2 PAPSR PGI PGK PHAPC90 PPCK RHACOAEP60 DHQTi_copy2 ACALD BDH HBCHLR 3OXCOAT,23,0.16081541,2.52354095,0.675035184750019,1.04905910633157
ACSPHACT40 ANHMK ARUH CYSTS FUM GLXCL HACD22i HACD26i HACD6i HSK ILEDHr_1 KAS15 MAN6PI METGL NTP5 NTPP9 PGI PHAPC40 PPCK PPM PPS SFGTHi AKGDb_copy2 ACOAD2f AGMT ALATA_L 3OADPCOAT,27,0.16241997,2.52211289,1.03717437089027,0.94310755583098
DAAD ENO FUM HACD32i KAS15 ACACT13 MAN6PI METSOXR1 NFORGLUAH2 PC PGI PGM PHAPC50 PPK ACOAD22f AGMT ALATA_L,17,0.16315305,2.52146045,0.928299777417584,0.971097934025273
ACOAD7f ASPT DLYSPYRAT FACOAE180 GDBTALDH GLU5K HACD22i HCO3E HPPK MACACI MAN6PI MLTGY4pp NFORGLUAH2 NTPTP2 PGI PGK PGM PHAP2C142 PHAPCP40 PHAPCT40 RECOAH14 RHACOAE90 RHACOAEP40 TRYPTAOX ABUTD ACALD ADNCYC AGMT BGLApp 3OXCOAT,30,0.16415623,2.52056762,0.619202999484089,1.06305796599935
ACSPHAC90 DAAD FDH GLXCL GTPDPK GUAPRT MACACI MAN6PI METGL NFORGLUAH2 NTPP5 PGI PGK PGM PPCK PPK2 RECOAH15 RECOAH3 RHACOAE90 UREA AKGDb_copy2 ACOAD22f ADNUC ALATA_L 3OXCOAT,25,0.1655649,2.51931391,0.817162695716302,0.999892529531348
ACOAD7f ANHMK APG3PAT161 APSR DLMETR ECOAH4 ECOAH6 EDA FUM GART HACD22i HACD32i HSK MAN6PI ME2 METGL NTPP4 PGI PGL PGM PGMT PHAPC50 RECOAH22 ADK1,24,0.16603839,2.5188925,1.02557297701271,0.941400741530784
ACOAD7f ACSPHAC120 ASPCT ASPT FACOAE180 GDPMANNDH HACD4i HCO3E HSK LYSMO MACACI MAN6PI NFORGLUAH2 ORNCD PGI PGK PHAPCT40 QUIDH RHACOAE90 RHACOAEP40 RHACOAEP80 DMALRED ABUTD ACALD ADNCYC AGMT 3OXCOAT,27,0.16814368,2.51701879,0.586149892758384,1.06934785001002
ACOAD7f ACSPHAC141d5 ACSPHAC160 DHSKDH GDBTALDH GGPTRCS GLUDy GLXCL HACD26i HSK ACACT13 MACACI MAN6PI METGL NFORGLUAH2 PGI PGK PPCK PRAMPC_copy1 3OADPCOAT 3OXCOAT,21,0.17114131,2.5143509,0.652048240135593,1.04441580077246
ACOAD7f ANHMK DLYSPYRAT ECOAH26 ECOAH6 GART GLUR GLXCL GLYALDDr HACD26i HSK HXAND ACACT12 LEUTA LGTHL MALS MAN6PI MDH ME2 NFORGLUAH2 OIVD3 ORNDC PGI PHAPCP70 PPK PPS IDPh_1 ACALD BPNT,29,0.17331104,2.51241984,1.01609586079371,0.9345622086471
ACOAD7f ACONTb ACSPHAC120 CBMKr DHORDfum FACOAE1829Z12Z GAPD GLUR GLXCL GLYALDDr HSK IPDDI ACACT10 MAN6PI MDDCP2pp METGL NFORGLUAH2 ORNCD PGI PGL PHAPC40 PPCK PPK IDPh_1 HMR_0180_copy2 ACALD AGMDA AKGDH ALATA_L ALATRS,30,0.17382378,2.5119635,0.706559597311714,1.0239236750706
ACSPHAC40 ANHMK CYSTS DLYSPYRAT ECOAH26 ECOAH6 GART GLXCL HSK HXAND ICDHyr ACACT12 LEUTA MAN6PI MDH ME2 NFORGLUAH2 OIVD2 OIVD3 PGI PPCK PPK QUIDHy RHACOAE90 PRAMPC_copy2 SERAT_copy2 ACALD BPNT PHET,29,0.17517116,2.51076433,0.578233882792122,1.06411394367027
ACSPHAC120 ACSPHAC121 ACSPHAC90 AMPTASECG CS ENO GDPMANNDH GLUCYS_copy1 GLUR HSK ACACT11 MAN6PI NFORGLUAH2 NTP5 PGI PGM PHAP2C141d5 PHAPC50 PPCK PPK RECOAH17 RHACOAEP60 RHACOAEP90 NDP8 AKGDb_copy2 ALATA_L,26,0.17615317,2.50989034,1.00582641391416,0.933682612981797
ACSPHACP50 APSR DHMPTR DHSKDH ECOAH28 GGGABAH GLUR GLXCL GLYALDDr GRXR HXAND ICDHyr MACACI MALS MAN6PI MDH NFORGLUAH2 PGI PHAP2C100 PHAPC40 PHAPC50 PPCK PTRCTA RHACOAE80 THRA URIH THRD_L ADPT,28,0.17639645,2.50967383,0.949937201117143,0.948553258942512
APG3PAT160 CYSTS DAAD DHSKDH DLMETR ECOAH31 FDH FUM HIBDkt ACACT8 ACACT10 ACACT9 MACACI MAN6PI MDH NFORGLUAH2 NTPP5 P5CD PC PGI PHAPC40 PHAPC50 PPCK PPK50_B PPK PRAMPC_copy1 RHACOAE142 GAPDi_nadp ACALD ALATA_L,30,0.17739258,2.50878727,1.00939333927663,0.931171600695939
ACONTb ACSPHAC120 APSR CS DHMPTR ECOAH6 ENO FACOAE80 FDH GDPMANNDH GLUR GLYO1 GTHPi HACD22i HACD6i HACD8i HSK IMPD MAN6PI NADHPO NFORGLUAH2 PC PGI PHAPCP90 PPK50_B PRMICI_copy1 RHACOAE90 RNDR4 ACALD BPNT,30,0.18077218,2.50577943,0.717707060898419,1.01239243233001
ACOAD7f ACONTb ACS ANHMK ASPSALy CYTK1 HMR_0180_copy1 GLUR HPYRRx GTHS HACD21i HACD4i HACD8i HSK MACACI MAN6PI NFORGLUAH2 PDHcr PGI PHADPC121 PHAP2C141d5 PHAPC40 PHAPC50 PHAPC70 PHAPCT40 RECOAH6 SERD_L THRD_L 3OADPCOAT 3OXCOAT,30,0.18185063,2.50481961,0.924788217670733,0.948889337542176
ACONTb ACSPHAC120 ACSPHAC80 CBMKr FACOAE100 GART GLUR GLXCL GLYALDDr GUAPRT HSK IPDDI ACACT8 ACACT12 MACACI MAK MAN6PI METGL NFORGLUAH2 NTPP5 NTPP8 PDHcr PGI PHAPC40 PPK RHACOAEP100 UREA HMR_0180_copy2 AGMDA AKGDH,30,0.18241429,2.50431795,0.973552620247021,0.934594468409131
ACOAD7f ASPT CS ECOAH26 EDA GLUR GLXCL HACD32i HACD8i IPDDI MAN6PI NFORGLUAH2 PC PGI PHADPCP60 PHAPC90 PPK R15BPK SERD_L SUCOAS AKGDb_copy2 AKGDH ALATA_L ALATRS 3OXCOAT,25,0.1831034,2.50370464,1.0299963657055,0.918534511241447
ACSPHACP80 CYSTS DLYSAD FDH FUM GDPMANNDH GPDDA4 HACD26i HACD8i HSK ILEDHr_1 MAN6PI NDPK6 NFORGLUAH2 PGI PHAP2C141d5 PHAPC40 PHAPC70 PPCK RECOAH24 RHACOAE90 RHACOAEP80 RHACOAEP90 TPI AKGDb_copy2 ADPT 3OXCOAT,27,0.1849257,2.5020828,0.937660638840356,0.941506149044134
ACONTb ACSPHAC120 CYSTS DHORDfum GAPD GLUR GLYALDDr GLYO1 HACD23i HACD26i HACD8i HSK MAN6PI MDDCP2pp METGL NFORGLUAH2 NTPP3 PAPSR PGI PGL PGMT PHAPC40 PPCK PPK HMR_0180_copy2 ACOAD24f ADA AGMDA ALATA_L ALDD19xr,30,0.18586792,2.50124422,0.664144194436565,1.0238482677823
ACONTb ACS ACSPHAC50 ACSPHAC90 FDH GTPDPK HACD23i ILEDHr_1 ACACT8 ACACT12 MAN1PT2 MAN6PI NFORGLUAH2 PAPSR PGI PPCK PTRCTA2 RECOAH4 RECOAH9 RHACOAE80 RHACOAE90 XPPT IDPh_1 NDP8 ACALD ADPT ECOAH17,27,0.18876448,2.49866628,0.70331144927266,1.00792043037403
ACOAD7f ACONTb ACSPHAC120 ANHMK APSR CS ECOAH6 ENO GART GDPMANNDH GLUR GTHPi HACD1i HACD22i HACD3i HACD6i CTECOAI7 HSK IMPD MAN6PI NFORGLUAH2 PC PGI PHADPCP60 PPCK PPK2 RHACOAE90 HMR_0180_copy2 ACALD BPNT,30,0.18944572,2.49805998,0.981093159560427,0.923881174034713
ACONTb CYSTS DLYSPYRAT ECOAH8 FDH GGGABAH GLUR GPDDA4 HACD26i HACD32i HACD8i ACACT9 MAN6PI ME2 METGL NADTRHD NDPK3 NFORGLUAH2 NMNDA NTPP5 PGI PHAPC40 PPCK RHACOAE142 RNDR4 UREA ACALD 3OADPCOAT 3OXCOAT,29,0.18977855,2.49776376,0.833210866033069,0.966235927189924
ACS ACSPHAC40 ASPSALy CYSTS DLYSPYRAT FDH GLCS3_1 GLUR GLXCL ICDHyr IPDDI MACACI MAN6PI MDH ME2 NFORGLUAH2 OXDHCOAT PGI PGMT PPC PPK QUIDHy RECOAH3 RECOAH9 PRAMPC_copy2 ADNK1 ALATA_L BPNT,28,0.19125889,2.49644626,0.440038002939367,1.0946700857776
ACS2 ACSPHACP100 ACSPHACP40 ACSPHACP60 CSPMDDH ENO GDBTALDH GLUR GLYALDDr ICDHyr ACACT13 MALS MAN6PI MDH NFORGLUAH2 NTPP4 NTPP5 PGI PHAPC40 PHAPC50 PPCK RECOAH3 RECOAH7 RHACOAEP101 AKGDb_copy2 ALATA_L DAAD2 HBCE,28,0.19172319,2.49603302,0.425505177542685,1.09938594749006
ACSPHAC100 AMPN CBMKr CS ECOAH38 ENO GLUR HSK LYSDC MAN6PI NFORGLUAH2 ORNDC PGI PGMT PHADPCP60 PHAP2C142 PHAPC90 PHAPCP70 PPK PPS PROD2 RECOAH9 RHACOAE142 RHACOAEP40 TMPK IDPh_1 SERAT_copy2 ALDD2y AACOAT ALDD19xr,30,0.19237191,2.49545567,0.76086098017117,0.985548136669188
ECOAH26 ENO FACOAL160 FACOAL161 FACOAL_70_c GLUR GTPDPK ICDHyr LYSDC MALS MAN6PI MCITD MDH NFORGLUAH2 NTPP2 NTPP5 PGI PGM PPCK PPK RECOAH15 RECOAH23 RHACOAE142 RHACOAE80 RHACOAE90 RHACOAEP101 SERAT_copy1 ACALD ALATA_L ECOAH17,30,0.1923911,2.49543859,0.306703272656583,1.14201983000967
ECOAH26 ENO FACOAL160 FACOAL161 FACOAL_70_c GLUR GTPDPK ICDHyr LYSDC MALS MAN6PI MCITD MDH NFORGLUAH2 NTPP2 NTPP5 PGI PGM PPCK PPK PRMICI_copy1 RECOAH15 RECOAH23 RHACOAE142 RHACOAE80 RHACOAE90 RHACOAEP101 ACALD ALATA_L ECOAH17,30,0.1923911,2.49543859,0.306703272656583,1.14201983000967
ACONTb ACSPHACP80 ECOAH26 ENO GLU5K GLUDy MACACI MAN6PI NFORGLUAH2 PC PGI PHAPC70 PHETHPTOX3 RECOAH6 CTECOAI6 IDPh_1 ACALD ALATA_L,18,0.19430106,2.49373873,0.729765704829402,0.99323316295131
ACOAD7f ARGDr ASPCT ECOAH7 ENO FACOAE100 FACOAE1829Z12Z HMR_0180_copy1 GDPDPK ICL MACACI MALS MAN6PI MDH NDPK6 NFORGLUAH2 PGI PGM PHADPCP50 PPCK PPK50_B PPK RHACOAE121 RHACOAE70 RHACOAEP40 IDPh_1 HMR_0180_copy2 ACALD HBCE 3OADPCOAT,30,0.1951066,2.49302179,0.987729528370645,0.915163128312225
ACONTb ACS2 ACSPHAC120 APG3PAT160 CBPS ECOAH6 EDA GALUi GDPMANNDH GGPTRCS GLXCL GLYO1 HACD22i HACD26i CTECOAI7 HSK ACACT10 MAN6PI MDDCP2pp NDPK5 NFORGLUAH2 NTPP4 PGI PHAP2C141d5 PPCK PTRCTA2 AKGDb_copy2 ACALD ADNK1 PHET,30,0.19574081,2.49245735,0.640588490463486,1.02075779838225
ACONTb ACS2 ACSPHAC120 CBPS ECOAH6 EDA GALUi GDPMANNDH GGPTRCS GLXCL GLYO1 HACD22i HACD26i CTECOAI7 HSK ACACT10 LYSRC MAN6PI MDDCP2pp NFORGLUAH2 NTPP4 PGI PHAP2C141d5 PPCK PTRCTA2 AKGDb_copy2 ACALD ADNK1 AKGDH PHET,30,0.19576059,2.49243974,0.640581641074948,1.02073865174522
ACONTb ENO GLU5K GLXCL HCO3E KAT1 MAN6PI NFORGLUAH2 PC PGI PHAPCT40 PHETHPTOX3 RHACOAEP40 IDPh_1 ALATA_L,15,0.19735239,2.49102304,0.766171364836271,0.978251050627183
ACONTb CSND ENO HMR_0180_copy1 FACOAL141 GLXCL HCO3E MAN6PI NFORGLUAH2 NTPP11 PGI PHAPCP70 PHAPCT40 PHETHPTOX3 PTRCTA RHACOAE141 RHACOAEP40 SSALx ALATA_L,19,0.19767256,2.49073809,0.766162486083046,0.977893982696805
ACSPHAC120 ACSPHAC80 ACSPHAC90 ANHMK FDH FUM GLXCL GTPDPK HACD21i HACD23i ILEDHr_1 ACACT8 ACACT12 LLEUDr MAN6PI NFORGLUAH2 PAPSR PGI PHADPCP50 RECOAH4 RECOAH6 RECOAH9 RHACOAE80 XPPT HBCE,25,0.19913236,2.48943887,0.986616991833974,0.910617379260597
ACOAD7f ACSPHAC40 ACSPHAC60 ACSPHAC70 ANHMK ECOAH8 ENO GDPMANNDH GLUR HPYRRy HSK ICDHyr MAN6PI MCITD MDH NFORGLUAH2 NTP1 NTPP5 PGI PPCK PPK RHACOAE70 TRSARr HMR_0180_copy2 GAPDi_nadp ACALD ALATA_L BPNT,28,0.19976774,2.48887338,0.290875393594581,1.14077887827971
ACSPHAC40 ACSPHACP40 ACSPHACP60 CSPMDDH ENO G6PDH2r GDBTALDH GLUR GLXCL HCO3E CTECOAI7 MALS MAN6PI MDH NFORGLUAH2 NTPP4 PDHa PGI PHAPC50 PHAPCT40 PPCK RECOAH3 RHACOAEP101 AKGDb_copy1 ALATA_L DAAD2,26,0.20111483,2.48767446,0.952382328046122,0.917901082731499
ACS ACS2 ECOAH26 ECOAH7 ECOAH8 ENO GDPMANNDH GLUR HPPK ICDHyr MAN6PI MDH NFORGLUAH2 NTP5 NTPP5 PGI PGM PHAPC50 PPCK RHACOAE142 RHACOAE90 RHACOAEP101 THRA2 NDP8 AKGDb_copy2 ACALD ADNK1 ALATA_L,28,0.20339047,2.48564915,0.280809715420786,1.14111605693933
APG3PAT160 ASPCT FACOAE1829Z12Z GLXCL GLYO1 HACD20i ICDHyr MACACI MAN6PI MDH ME2 METGL NFORGLUAH2 PGI PHAPCP70 RECOAH3 RHACOAE140 IDPh_1 ACALD ALAR ALATA_L 4HBHYOX,22,0.20349289,2.485558,0.523329783168346,1.05269179876531
AMPN CYTK1 DLYSPYRAT ECOAH38 ECOAH6 EDA ENO HACD26i HSK IMPD ACACT8 ACACT10 LLEUDr MALS MAN6PI MDH NDPK3 NFORGLUAH2 NTD7 ORNDC PGI PHADPC121 PHAPCP70 PPK PPS RECOAH3 TMPK IDPh_1 HMR_0180_copy2 ALATA_L,30,0.20485306,2.48434744,0.327019035009777,1.12241399907119
ACS ARGDC FALDM GART GDPMANNDH GGGABAH GND HACD8i HSK ICDHyr MACACI MALS MAN6PI MDH NFORGLUAH2 PGI PGM PHAPC90 PHETA1 PPS RBK RHACOAET60 TPI ADNCYC AGMDA,25,0.20491671,2.48429079,0.365421931671653,1.10811628623729
ACS ARGDC FALDM GART GDPMANNDH GGGABAH GND HACD8i HSK ICDHyr ACACT12 MACACI MALS MAN6PI MDH NFORGLUAH2 PGI PGM PHAPC90 PHETA1 PPS RBK RHACOAET60 TPI XPPT ADNCYC AGMDA,27,0.20491671,2.48429079,0.365421931671653,1.10811628623729
ACS2 ACSPHAC90 ACSPHACP100 ACSPHACP50 CSPMDDH ECOAH26 ECOAH28 ECOAH37 ENO GLYALDDr HACD22i CTECOAI7 ICDHyr ACACT13 MALS MAN6PI MCITD MDH METSOXR2 NFORGLUAH2 PGI PHAPC40 PHAPC50 PHAPCT60 PPCK RECOAH15 AKGDb_copy2,27,0.20572386,2.48357243,0.38513568625438,1.1000810763428
ACS2 ACSPHAC90 ACSPHACP50 ACSPHACP70 CSPMDDH ECOAH26 ECOAH28 ECOAH37 ENO GLYALDDr HACD22i CTECOAI7 ICDHyr ACACT13 MALS MAN6PI MCITD MDH METSOXR2 NFORGLUAH2 PGI PHAPC40 PHAPC50 PHAPCT60 PPCK RECOAH15 RHACOAEP90 AKGDb_copy2 4HBHYOX,29,0.20572386,2.48357243,0.38513568625438,1.1000810763428
ACOAD7f ACS ACSPHAC141 ACSPHACP40 DHMPTR ECOAH5 ENO GDPMANNDH GLUDy HIBDkt HPYRI HSK ICDHyr KAS15 MALS MAN6PI MDH ME2 METGL NFORGLUAH2 PGI PGMT PHADPC101 PPK QUIDHy RHACOAEP40 IDPh_1 GLUCYS_copy2 ALCD2x 4HBHYOX,30,0.20643905,2.48293591,0.538949922507394,1.04420821259873
ACSPHAC142 ACSPHAC40 ACSPHAC50 ACSPHACP50 ECOAH26 GLYALDDr GLYO1 HACD22i CTECOAI7 HPPK ICDHyr ACACT13 MALS MAN6PI MDH METSOXR2 NFORGLUAH2 ORNCD PGI PHAPC50 PHAPCT60 PPCK PPK RECOAH15 AKGDb_copy2 ACALD,26,0.20648223,2.48289748,0.358205836889693,1.10927176995876
ARUH ASPCT CBMKr CYSTS DLMETR DLYSPYRAT GLXCL HACD22i ICDHyr MAN6PI MDH METGL NFORGLUAH2 NMNDA PGI PPCK QUIDHy RECOAH19 RHACOAE142 RHACOAEP60 SERAT_copy1 G5SD_copy2 ACOAD23f ACOAD2f ALATA_L DUTPDP,26,0.20762325,2.48188198,0.343322050878213,1.11370015704347
ACSPHAC121 ACSPHAC80 ANHMK CYTK1 DLYSAD DLYSPYRAT FACOAE140 FALDM G6PI GART GLYALDDr ICDHyr MACACI MAN6PI MDH NFORGLUAH2 PGI PHAP2C100 PHAP2C80 PHAPCT40 RHACOAE90 TRYPTAOX ALATA_L ALDD1 HBCE,25,0.20791624,2.48162121,0.283452269048344,1.13586723029167
ACSPHAC120 ACSPHAC121 ECOAH7 ENO GDPMANNDH GLUCYS_copy1 GLUR GLXCL HSK ICDHyr MAN6PI NFORGLUAH2 NTP5 OXPTNDH PGI PGM PHAP2C141d5 PPCK PPK RECOAH17 RHACOAE141 RHACOAE60 RHACOAEP90 IDPh_1 NDP8 ACALD AKGDH ALATA_L HBCE 3OXCOAT,30,0.20865386,2.48096473,0.992556859480098,0.897625748945816
DHORDfum ECOAH6 FACOAL160 FACOAL161 GART GLUR GRXR HPYRRy HSK MACACI MALS MAN6PI MDDCP2pp MDH NFORGLUAH2 PGI PGM PHAPCT60 RECOAH14 RECOAH3 RHACOAE142 RHACOAE90 XPPT ADNCYC ALATA_L,25,0.2098604,2.47989092,0.323143384840589,1.11911092453483
ACOAD7f ACS ACSPHAC120 ACSPHAC90 ASPCT CYSTS CYTK1 DLYSPYRAT ENO FACOAE90 GDPMANNDH GLUR HACD22i ICDHyr METGL METSOXR2 NDPK3 NFORGLUAH2 NMNDA PC PGI PGM PHAPC40 PPCK PPK RECOAH3 RHACOAEP60 G5SD_copy2 SERAT_copy2 ALATA_L,30,0.21064337,2.47919406,0.104358138592257,1.20256521038437
ACOAD7f ACSPHAC90 ASPCT ECOAH26 ECOAH6 ENO FBACS GLUR GLYALDDr HACD26i HSK ACACT10 LGTHL MALS MAN6PI MCITD MDH NFORGLUAH2 ORNDC PGI PHADPC121 PHAPCP70 PPK PPS RHACOAEP90 TMPK URIH IDPh_1 ACALD ADNK1,30,0.21100746,2.47887003,0.393928916067707,1.09174150924644
ACS CBMKr GLUR GLXCL GTPDPK HSK IMPD IPDDI ACACT10 MACACI MAN6PI MDH ME2 NFORGLUAH2 ORNCD OXDHCOAT PGI PGL PPCK PPK RECOAH24 RECOAH3 RECOAH9 AKGDb_copy2 ADNK1 AKGDH ALATA_L ALATRS BPNT 3OADPCOAT,30,0.21131597,2.47859545,0.97387097624472,0.899789457702918
ACSPHAC142 ACSPHAC60 ECOAH26 FDH GLUDxi GLUDy GLYALDDr GLYCTO1 HACD1i HACD22i HACD6i HACD8i HPPK ICDHyr LYSMO MAN6PI MDH ME2 MGCH NFORGLUAH2 ORNCD PGI PHAPC50 PPCK PPK RECOAH3 RHACOAE90 PRAMPC_copy2 GLUCYS_copy2 ADNUC,30,0.21138754,2.47853175,0.560089729035117,1.03178057025971
ACOAD7f AMPN ASPT CS ECOAH26 ECOAH36 ECOAH38 GLUR GLXCL HACD8i HCO3E HSK MAN6PI NFORGLUAH2 ORNCD PC PGI PGMT PHADPCP60 PHAP2C142 PHAPC90 PHAPCP70 PHAPCT40 PPK RHACOAEP100 RHACOAEP40 TMPK ALDD2y ALATRS ALDD19xr,30,0.21181852,2.47814818,0.142150506952839,1.18669022364264
ACOAD7f ACSPHAC80 ACSPHAC90 ACSPHACP80 DHORDfum ECOAH26 ECOAH27 GALUi GLYALDDr HACD22i HACD32i HACD6i HSK ICDHyr ACACT11 MAN6PI MDH METGL NDPK3 NFORGLUAH2 PGI PGM PHADPC101 PHETA1 PPCK PPGPPDP PPK RECOAH19 RHACOAE90 ACALD,30,0.21211802,2.47788163,0.376197411233614,1.09721890314069
ACSPHAC80 ACSPHAC90 ENO FACOAE90 GLUR HACD22i HPPK ICDHyr MAN6PI METGL METSOXR2 NDPK3 NFORGLUAH2 NMNDA NTP3 PC PGI PPCK PPK RECOAH3 RHACOAEP60 RHACOAET60 G5SD_copy2 IDPh_1 SERAT_copy2 AACOAT ALATA_L BPNT DCTPD2,29,0.2128706,2.47721183,0.092316552872966,1.20538263184202
ACSPHAC142 ACSPHACP90 CYTK1 DLYSPYRAT ECOAH38 FDH GALUi GLUR GLYALDDr GTPDPK HACD26i ILEDHr_1 IMPD ACACT8 MALS MAN6PI MDH NDPK3 NFORGLUAH2 PGI PROD2 RECOAH23 RHACOAE121 RHACOAE142 RHACOAE80 RHACOAE90 RNDR4 HMR_0180_copy2 ALATA_L,29,0.21329445,2.4768346,0.414571827818305,1.08196356465768
ECOAH27 FALDM GALUi GDPMANNDH GGGABAH GLUDy GLUR GLYALDDr HACD11i HACD32i HACD6i HACD8i HSK ICDHyr ACACT9 MAN6PI MDH ME2 METGL NFORGLUAH2 NMNDA PC PGI PGM PHAPC40 PPCK RHACOAE142 RHACOAE90 HMR_0180_copy2 ACALD,30,0.21391671,2.47628079,0.553075587222709,1.0316743998092
ACOAD7f ANHMK APG3PAT160 ASPCT ECOAH6 GLUDy GLUR GLXCL HACD26i HSK ACACT9 MAN6PI MDH ME2 METGL NADTRHD NFORGLUAH2 PGI PPCK RHACOAE80 RHACOAEP101 RHACOAEP90 IDPh_1 ACALD ALATA_L HBCE,26,0.21450892,2.47575373,0.612295656516288,1.01052237662132
ACSPHAC142 DHORDfum ECOAH26 FACOAL160 FDH GALUi GLUR GLYALDDr GTPDPK HSK LYSDC MALS MAN6PI NFORGLUAH2 NTPP2 PGI PGM PHAPCP40 PROD2 RECOAH15 RECOAH23 RHACOAE142 RHACOAE80 RHACOAE90 SERAT_copy1 ACALD ADNK1 AGMT ALATA_L ECOAH17,30,0.21487567,2.47542732,0.0663472509474898,1.21396767553498
ACSPHAC142 DHORDfum ECOAH26 HMR_0180_copy1 FACOAL160 FDH GALUi GLUR GLYALDDr GTPDPK HSK MALS MAN6PI NFORGLUAH2 NTPP2 PGI PGM PHAPCP40 PROD2 RECOAH15 RECOAH23 RHACOAE142 RHACOAE80 RHACOAE90 SERAT_copy1 ARGDI ACALD AGMT ALATA_L ECOAH17,30,0.21487696,2.47542617,0.0663447584143038,1.21396756741229
ACSPHAC142 ACSPHAC60 ECOAH6 ECOAH8 ENO GLUDy GLUR GLYALDDr HACD1i HACD22i HACD6i HACD8i HSK ICDHyr LYSMO MAN6PI MDH NFORGLUAH2 PGI PHAPC50 PPCK PPK GLUCYS_copy2 ACALD ADNK1 BPNT ECOAH2,27,0.21518138,2.47515524,0.373487752518364,1.09531581880791
ARGDC DLYSPYRAT FACOAL160 FBACS GART GDPMANNDH GGGABAH GLUR GND HSK MAN6PI NFORGLUAH2 NTP1 PALGSKT PDH PGI PGM PHAP2C141d5 PHAPC70 PPCK RECOAH24 SUCOAS TPI HMR_0180_copy2 AKGDb_copy2 ACALD ADNCYC ALATA_L ALCD2x,29,0.21533409,2.47501933,0.206524011130797,1.15851382259691
ACOAD7f ACSPHACP100 APG3PAT160 DHORDfum FACOAE1829Z12Z GGPTRCS GLYALDDr HACD20i HPYRRy ICDHyr MACACI MAN6PI MDDCP2pp MDH ME2 NFORGLUAH2 PGI PHADPCP50 PHAPC50 PPK RECOAH3 RHACOAE141 RHACOAE90 HMR_0180_copy2 ACALD ADNCYC ALATRS,27,0.21619261,2.47425524,0.270105763559633,1.13330294521613
ACSPHAC120 ACSPHACP50 ECOAH27 ENO FACOAE1829Z12Z FALDM GALUi GDPMANNDH GGGABAH GLYALDDr HACD32i HACD6i HSK ICDHyr MAN6PI MDH ME2 METGL METSOXR2 NFORGLUAH2 NMNDA PC PDE4 PGI PHAPC40 PPK RHACOAE142 RHACOAE90 HMR_0180_copy2 AKGDb_copy2,30,0.21644101,2.47403417,0.507340498919313,1.04534113983859
ACSPHAC60 ACSPHACP40 ANHMK ARGDr ECOAH26 ECOAH8 ENO FACOAL141 GLYK HACD6i HPYRRy ICDHyr ACACT10 MAN6PI MDH NADHPO NFORGLUAH2 PC PGI PHAPC90 PPCK PPK RHACOAE120 RHACOAE70 RHACOAEP60 DHQTi_copy2 HMR_0180_copy2 ACALD 3OXCOAT,29,0.21902577,2.47173373,0.960066297221555,0.89487100334923
ACOAD7f ACSPHAC160 ACSPHACP100 CYTK1 DHORDfum ECOAH27 ECOAH6 GLYALDDr HACD1i HPYRRy ICDHyr ACACT10 MACACI MAN6PI MDDCP2pp MDH NFORGLUAH2 P5CR PGI PGM PHADPCP50 PHAPC50 PHAPCT60 PPK RECOAH17 RECOAH3 RHACOAE141 RHACOAE90 HMR_0180_copy2 ADNCYC,30,0.21963282,2.47119345,0.337588116384427,1.10457860851295
DAAD DHORDfum DHSKDH ECOAH26 FACOAE1829Z12Z FDH GDPDPK GDPTPDP GGGABAH GGPTRCS GLUR HSK MAK MALTT MAN6PI NFORGLUAH2 PGI PHADPCP60 PROD2 QUIDH RHACOAE142 RHACOAE80 SUCOAS ARGDI AKGDb_copy2 ACALD ADPT ALATA_L BPNT 3OXCOAT,30,0.2200042,2.47086293,0.739198888021229,0.96220548103528
DHSKDH ENO FDH GUAPRT HIBDkt ICL ACACT11 MACACI MAN6PI NADDP NFORGLUAH2 PGI PHADPCP50 PHAPCP70 PHAPCT40 PPCK RECOAH15 THRA UREA AKGDb_copy2 ALATA_L 3OXCOAT,22,0.22017058,2.47071485,0.895762412943637,0.912650699410067
ACOAD7f ACSPHACP100 DHORDfum ECOAH27 ECOAH6 GLYALDDr GRXR HACD1i HPYRRy ICDHyr ACACT10 MACACI MAN6PI MDDCP2pp MDH NFORGLUAH2 P5CR PGI PGM PHADPCP50 PHAPC50 PHAPCT60 PPK RECOAH17 RECOAH3 RHACOAE141 RHACOAE90 HMR_0180_copy2 ADNCYC,29,0.22032973,2.47057321,0.337137752585636,1.10410613322271
ACS ACSPHAC142 DLYSAD ECOAH26 ECOAH8 ENO GDPMANNDH GGPTRCS GPDDA4 HACD4i HSK HXAND ICDHyr KAT1 LEUTA MAN6PI ME2 NFORGLUAH2 NTPP11 OIVD2 PDE4 PGI PHAPCT40 PPCK PPK RECOAH6 RHACOAEP80 PRAMPC_copy2 ACALD ADA,30,0.22078072,2.47017183,0.140499722983058,1.17953052501317
ACOAD7f APG3PAT160 ASPCT FACOAE1829Z12Z GGPTRCS GLUDy GLUR HACD20i HACD6i ICDHyr MACACI MAN6PI MDH ME2 NFORGLUAH2 PGI PPCK RHACOAE140 IDPh_1 HMR_0180_copy2 ACALD ALATRS,22,0.22096407,2.47000864,0.471787155260129,1.05372848135694
ACSPHAC120 ACSPHACP90 ALLTAMH FALDM GAPD GART GLYCK ICDHyr MAN6PI MDH ME2 METGL NFORGLUAH2 PDHcr PGI PHAP2C100 PHAP2C80 PHAPC50 PHAPCT40 TRYPTAOX ALDD1,21,0.22181361,2.46925255,0.274643562223256,1.12648969947203
ACOAD3f ACSPHAC142 ECOAH26 FACOAL160 FDH GALUi GLUR GLYALDDr GLYK GTHRDHpp GTPDPK HSK HXAND MAN6PI NFORGLUAH2 NTPP2 OMPDC PGI PGM PHAPCP40 PROD2 RHACOAE80 RHACOAE90 SERAT_copy1 ACALD ADNK1 AGMT ALATA_L ECOAH17 3OADPCOAT,30,0.2224213,2.46871171,0.569576744673284,1.01738196861036
CBMKr ECOAH26 ECOAH38 ENO FACOAE100 FACOAL161 HACD8i HSK HXAND ACACT12 MAK MAN6PI MDH MMTSAO NFORGLUAH2 NTPP5 NTPP8 OIVD3 ORNDC PGI PHAPCP70 PPCK PPK RHACOAEP100 TMPK IDPh_1 AKGDb_copy2,27,0.22328839,2.46794,0.253709608457475,1.13321442452461
ACOAD7f ACSPHAC40 ACSPHAC60 ACSPHAC70 ASPSALy CYSTS DLYSPYRAT GART GLCS3_1 GLUR GLXCL HSK ACACT12 LEUTA MAN6PI MDH ME2 NFORGLUAH2 OIVD2 PDHcr PGI PHAP2C140 PPC PPK QUIDHy RHACOAE90 PRAMPC_copy2 GAPDi_nadp ACALD BPNT,30,0.2232938,2.46793518,0.315608449495687,1.10953830371732
CBMKr ECOAH28 ENO FBACS G6PI GLUDy GLYALDDr GLYK HACD26i HPPK HSK ACACT10 LGTHL MALS MAN6PI METGL MMTSAO NFORGLUAH2 NTP10 ORNDC PGI PHAP2C142 PHAPC50 PPK50_B PPK RECOAH9 RHACOAE121 RHACOAEP40 URIH ACALD,30,0.22331129,2.46791962,0.0490219728702476,1.21380607047403
ACSPHACP60 ANHMK ECOAH28 GART GGGABAH GLUR GLYCK GRXR GTPDPK HACD26i ICDHyr ACACT10 MACACI MAN6PI MDH NFORGLUAH2 NTP5 PGI PHAP2C100 PHAPC50 PPCK PPS PTRCTA RHACOAE80 RHACOAET40 THRD_L ADPT BPNT,28,0.22339874,2.46784179,0.683313567480282,0.977234045082026
ACSPHAC80 ASPCT ASPT GLUR GLXCL HACD8i ICL ILEDHr_1 ACACT8 MAN6PI NFORGLUAH2 PC PGI PHADPCP60 PHAP2C142 PHAPC90 PHAPCP70 PPK50_B PYK RECOAH14 RECOAH6 RHACOAE80 RHACOAEP100 RNDR4 ALATRS DAAD2,26,0.22367449,2.46759637,0.745775613481895,0.956183249270864
ACOAD7f ACSPHAC40 ACSPHAC60 ACSPHAC70 ACSPHACP50 ANHMK CYSTS ECOAH6 GART HACD22i HACD26i HSK LYSDC MAN6PI MCITD MDH ME2 METGL NDPK3 NFORGLUAH2 NTP1 ORNCD PGI PHAPC50 PHAPC90 PPCK PYK HMR_0180_copy2 ACALD,29,0.22371256,2.46756249,0.487235763606657,1.04549231741322
ECOAH28 ENO FBACS G6PI GLUDy GLYK HACD26i HPPK HSK KAT1 ACACT10 LGTHL MALS MAN6PI METGL MMTSAO NFORGLUAH2 NTP10 ORNDC PGI PHAP2C142 PHAPC50 PPK50_B PPK RECOAH9 RHACOAE121 RHACOAEP40 URIH NDP8 ACALD,30,0.22407552,2.46723946,0.047526298276581,1.21377533021672
ACOAD8f ACS AP4AS ASNN ECOAH36 FACOAE90 GART GLYO1 GNNUC GTPDPDP HSK MAN6PI NFORGLUAH2 PAPSR PGI PGL PGM PGMT PHAP2C100 PPA2 PPCK RECOAH24 RHACOAE90 RHACOAEP50 SUCOAS TRYPTAOX ACALD ACOAD24f ADNCYC DAAD2,30,0.22579058,2.46571305,0.0587796886832037,1.20783640008336
ASPT ECOAH27 FALDM GALUi GDPMANNDH GGGABAH GLUDy GLUR GLYALDDr HACD6i HCYSMT IPDDI ACACT10 MAN6PI MDH ME2 NFORGLUAH2 OMPDC PGI PGM PHAPC40 PPCK RHACOAE90 HMR_0180_copy2 ACALD ALCD19,26,0.22637736,2.46519082,0.55543107314265,1.01848506062389
ACSPHAC120 ACSPHAC50 ASPSALy FACOAE90 GGGABAH GLUR GLYO1 HACD11i HACD8i HSK ACACT9 MAN6PI MDDCP2pp ME2 METGL NFORGLUAH2 NTPP2 NTPP5 PC PGI PGL PGM PPCK PPK RHACOAEP60 RHACOAET60 SUCOAS ACALD ADA AGMT,30,0.22659125,2.46500045,0.0826209749935181,1.19761326353922
ACSPHAC120 ACSPHAC50 ASPSALy HMR_0260 FACOAE90 GGGABAH GLUR GLYO1 HACD11i HSK ILEDHr_1 ACACT9 MAN6PI MDDCP2pp ME2 METGL NFORGLUAH2 NTPP5 PC PGI PGL PGM PPCK PPK RHACOAEP60 RHACOAET60 SUCOAS ACALD ACOAD2f ADA,30,0.22659125,2.46500045,0.0826209749935181,1.19761326353922
ACSPHAC90 CBMKr ECOAH8 EDA ENO FACOAL_70_c GLYCK HACD26i HIBDkt HPYRRy ICDHyr ACACT8 MAN6PI NADTRHD NDPK3 NFORGLUAH2 PGI PGM PPA PPCK PPK50_B PPK RECOAH3 RHACOAE121 RHACOAEP60 RNDR4 ACALD BPNT,28,0.22713101,2.46452006,0.123169707209949,1.18099273875571
AMPN CYSTS ENO GDPMANNDH GLUCYS_copy1 GLUR GLXCL HACD6i HSK ILEDHr_1 MAN6PI MDH ME2 NFORGLUAH2 ORNDC PGI PGM PGMT PPCK PPK50_B QUIDHy RECOAH3 RHACOAE120 RHACOAE142 RHACOAE60 RHACOAEP90 NDP8,27,0.22780397,2.46392114,0.756633301869146,0.948303021341789
ACSPHAC90 ECOAH8 EDA ENO FACOAL_70_c GLYCK HACD26i HIBDkt HPYRRy ICDHyr ACACT8 MAN6PI NADTRHD NDPK3 NFORGLUAH2 PGI PGM PPCK PPK50_B PPK RECOAH3 RHACOAE121 RHACOAEP60 ACALD BPNT,25,0.2279893,2.46375619,0.125243465373156,1.1794490613032
ACSPHAC120 DAAD ECOAH37 ENO FACOAL141 FBACS GGGABAH GLUDy GLUR GLYK GTPDPK HACD32i HPPK ACACT10 LGTHL MACACI MALS MAN6PI METGL NFORGLUAH2 ORNDC PGI PHAPCT40 PPK50_B PPK PRMICI_copy1 RECOAH6 RHACOAEP40 SERD_L AKGDb_copy2,30,0.22872086,2.4631051,0.0383325770985646,1.21367752443323
ACSPHAC90 ECOAH27 ENO FACOAE1829Z12Z GALUi GDPMANNDH GGGABAH HACD32i HSK ICDHyr LSERDHr MAN6PI METGL NFORGLUAH2 NMNDA PGI PGM PHAP2C142 PHAPCP100 PPCK RHACOAE142 RHACOAE90 RHACOAEP50 TRSARr ACALD ADNK1,26,0.22895575,2.46289605,0.136207979052721,1.17428523756253
ACOAD7f CSND ECOAH26 ECOAH27 HMR_0180_copy1 FALDM GART GLUR GLXCL LEUTA MACACI MAN6PI NFORGLUAH2 PAPSR PC PGI PGMT PHAPCT40 PPA2 PPK50_B PRAMPC_copy1 RHACOAET60 THRA2 TRSARr ACALD ALATA_L 3OADPCOAT,27,0.22944277,2.4624626,0.511874006751226,1.03110972891525
ACSPHAC142 DHORDfum ECOAH26 FDH GALUi GDPDPK GGGABAH GLUTCOADHc GLYALDDr HACD32i HSK ACACT8 MAK MAN6PI NFORGLUAH2 NTPP2 PGI PGM PROD2 PRPPS RECOAH15 RHACOAE142 RHACOAE80 RHACOAE90 SUCOAS ARGDI ACALD ALATA_L 3OXCOAT,29,0.22999272,2.46197315,0.732597927447443,0.953967870086735
23CTI1 ACOAD7f CYTK1 ECOAH27 ECOAH7 G6PDH2r GDBTALDH GLUCYS_copy1 HACD20i HACD26i HSK ICDHyr ACACT13 MACACI MAN1PT2 MAN6PI NFORGLUAH2 PC PGI PHAP2C141d5 PHAPCT40 RECOAH14 RECOAH3 RHACOAEP40 TRSARr AKGDb_copy2 ACALD ADA 3OADPCOAT 3OXCOAT,30,0.23213581,2.4600658,0.779565591366537,0.936298997403789
ACSPHAC90 CYSTS CYTK1 DHSKDH ECOAH8 ENO GDPMANNDH GLCS3_1 GLUR GLXCL HACD6i ICDHyr MAN6PI NDPK3 NFORGLUAH2 NTPP6 ORNDC PGI PHAPCT40 PPK50_B R15BPK RECOAH3 ALDD19xr DAAD2 3OADPCOAT 3OXCOAT,26,0.23351717,2.45883639,0.784057035292094,0.933401915629725
ANHMK APG3PAT161 ASPCT DHSKDH DLYSPYRAT FACOAE90 FALDM G6PI GART GLUR GLYCK HACD22i ICDHyr MAN6PI MDDCP2pp NFORGLUAH2 OIVD2 PGI PGM PPA PRMICI_copy1 RECOAH3 SUCOAS TMPK TRYPTAOX ADPT HBCE,27,0.23406185,2.45835162,0.751974189728057,0.943370885213981
CSND ECOAH28 ENO FACOAE80 GART GLUR GLXCL HACD32i HXAND ICDHyr MAN6PI NFORGLUAH2 OXPTNDH PDHcr PGI PGM PTRCTA RHACOAE141 SERD_L NDP8 HBCE 3OXCOAT,22,0.23421021,2.45821958,0.791079304356544,0.930399007310309
ACOAD7f ASPCT ASPT CSND ECOAH6 FACOAE180 GLXCL HACD26i HPPK HSK MACACI MAN6PI ME2 NFORGLUAH2 PGI PGM PHADPC121 PHAP2C142 PHAPCP40 PPS RECOAH14 RHACOAE80 RHACOAEP101 TRYPTAOX ABUTD ACALD ALATA_L HBCE 3OXCOAT,29,0.23665217,2.45604623,0.772699865798822,0.933886214989224
ACOAD7f ACSPHAC90 ECOAH26 ECOAH3 FACOAE60 FALDM GAPD GDPTPDP GLUSy GLYALDDr GNNUC HACD11i HACD26i MACACI MAN6PI ME2 NFORGLUAH2 OAADC PAPSR PGI PGM PGMT PHADPC101 PHADPC121 PHADPCP80 PPCK RECOAH3 AGPOP ALATA_L HBCE,30,0.23769095,2.45512172,0.626498989549244,0.98245620442889
ACOAD5f ACOAD6f ENO FACOAL_70_c FBA GPDDA4 HACD26i HACD4i HACD6i LEUTA LGTHL MACACI MAN6PI METGL NFORGLUAH2 ORNDC PAPSR PC PGI PGL PHADPCP60 PPCK RECOAH17 RECOAH24 URIH ACALD ADPT AGMT HBCE 3OADPCOAT,30,0.23817124,2.45469426,0.693844143398674,0.958744213683614
ACSPHAC141 ACSPHAC70 ACSPHACP90 DAAD DHORDfum DHSKDH FACOAE1829Z12Z FDH GDPMANNDH GDPTPDP GGPTRCS GLUR HACD8i LEUTA MALTT MAN6PI NFORGLUAH2 NTPP3 PGI PGMT PHADPCP60 PPCK PPK QUIDH AKGDb_copy2 ADPT BDH BPNT DAAD2,29,0.24104891,2.45213314,0.635735336865867,0.975982442332397
ACSPHAC120 ANHMK CSND CYTK1 DLMETR GLYCK GPDDA4 GTHS MAN6PI ME2 NFORGLUAH2 PGI PHAP2C100 PHAP2C141d5 PHAPC40 PHAPC50 PHAPC70 PHAPCT40 PRMICI_copy1 RECOAH6 SERD_L THRA TPI TRSARr TRYPTAOX 3OADPCOAT,26,0.24224231,2.45107102,0.467378799351773,1.0354853122489
ACONTb ASPCT ECOAH26 ECOAH7 FACOAL141 FDH FUM GLU5K GLUR HACD22i HACD3i HACD6i HPPK MAN6PI METSOXR2 NFORGLUAH2 NTPP5 PGI PPK RECOAH3 RHACOAE90 RHACOAEP40 IDPh_1 SERAT_copy2 ACALD ALATA_L BPNT DUTPDP,28,0.16935728,2.44630005,1.03306181512771,0.942530766508326
ACS ACS2 ACSPHACP90 ASPCT CAT ENO FALDM FDH FUM GDPMANNDH GLU5K HACD6i ICDHyr IPDDI MAK MAN6PI ME2 NDPK5 PGI PPK RHACOAE140 SERD_L SUCOAS AKGDb_copy2 ADPT BPNT 3OADPCOAT,27,0.129795,2.42439469,1.05189417817113,0.995689929673717
ACOAD5f ACSPHAC160 ALLTAMH ANHMK DHQTi_copy1 DLYSPYRAT ECOAH4 ECOAH6 GALUi GART GDPMANNDH GGGABAH GLUDy HPYRI HSK MALS ME2 NADTRHD NTD9 ORNCD PGI PPCK PPK PPS RHACOAE121 TMPK TRSARr HMR_0180_copy2 ALCD19 PHET,30,0.22373151,2.4005836,1.00967167733713,0.88299047604336
ACSPHAC90 ACSPHACP100 ANHMK ECOAH6 GART GLXCL GLYCLTDx HACD22i HSK HXAND ICDHyr MAN1PT2 MAN6PI METGL METSOXR2 NDPK3 NFORGLUAH2 NMNDA NTP5 PGI PHAPC40 PPCK PPGPPDP PPK PPS PYK QUIDHy RECOAH13 ALATA_L BPNT,30,0.2325223,2.3510562,1.0210101187713,0.874934984970973
AMPN ANHMK APG3PAT160 ECOAH26 ETHAAL GART GLXCL GLYALDDr HSK LPSGTR1_kt MAN6PI METGL NFORGLUAH2 PC PGI PHAPC50 PPCK RHACOAE142 ADD ALDD2x,20,0.24461424,2.34568351,0.236342618483699,1.13116942312604
FACOAE1829Z12Z GART GPDDA4 HACD6i HCYSMT IPDDI MAN6PI NADTRHD NFORGLUAH2 PAPSR PGI PHADPC121 PHAPC70 PHAPC90 PHAPCP40 PPCK PPS PROD2 RHACOAE142 RHACOAE90 TPI AKGDb_copy2 ACOAD24f AKGDH ALATA_L 4HBHYOX,26,0.24467622,2.33798691,0.319805823385697,1.09963391225866
AMPN ECOAH26 ECOAH28 FACOAE180 FACOAE60 GALUi GLUR GTHS HACD32i LPSGTR1_kt MACACI MAN6PI MMTSAO NFORGLUAH2 PDHcr PGI PHAPC50 PPCK QUIDH R15BPK RECOAH17 SFGTHi THIORDXi TPI TRSARr ADNCYC CYTOM,27,0.24470806,2.33797884,0.258894660028771,1.12304521345943
ACSPHACP40 ACSPHACP60 ANHMK DHORDfum ECOAH27 G6PDH2r GART GLUR GLXCL GRXR HACD26i MACACI MAN6PI NFORGLUAH2 PGI PHAP2C100 PHAPC50 PPCK PPS PRMICI_copy1 PTRCTA RHACOAE80 RHACOAET40 THRA ABTA ADPT BPNT,27,0.24398711,2.33014422,1.01745084259205,0.864787806500237
ACOAD4f ANHMK ARUH ASNN CYSTS DLYSAD GART GDPDPK GDPMANNDH GDPTPDP GLXCL HACD22i HSK MAN6PI METGL MMTSAO NMNDA PALGSKT PAPSR PC PGI PPCK PPS RHACOAE142 RHACOAEP60 SERAT_copy1 AKGDb_copy2 ACALD ACOAD2f DUTPDP,30,0.25873582,2.15002391,1.01040491684579,0.873060715883293
ACOAD4f ANHMK ARUH ASNN CYSTS DLYSAD ECOAH28 GART GLXCL HACD22i HSK MAN6PI METGL MMTSAO NMNDA PALGSKT PAPSR PC PGI PHAPC40 PPCK PPS RECOAH19 RHACOAE142 RHACOAEP60 SERAT_copy1 AKGDb_copy2 ACALD ACOAD2f DUTPDP,30,0.25873582,2.15002391,1.01040491684579,0.873060715883293
ACOAD7f ANHMK CSND CYTK1 G6PDH2r GART GLUR GLXCL GNNUC HACD14i HSK KAT1 LEUTA MAN1PT2 MAN6PI PC PDHcr PGI PHAP2C142 PHAPCT40 PHETA1 PPCK PPK50_B PPS PRAMPC_copy1 TRSARr ACALD BPNT PHET 3OADPCOAT,30,0.25886977,2.13602631,1.01047310133554,0.874761102213834
ACSPHAC120 ANHMK CSND CYTK1 ECOAH27 G6PDH2r GART GDPMANNDH GLUR GLXCL HACD26i HACD6i HSK ICDHyr MAN1PT2 MAN6PI PC PGI PHAP2C141d5 PHAPCT40 PPCK PPK50_B PPS TRSARr ACALD PHET 3OADPCOAT,27,0.25292161,2.12370981,1.01151373407274,0.882720251115094
ANHMK ARUH ASNN GART GDPDPK GDPTPDP GLXCL HACD22i HSK MACACI MAN6PI METGL METSOXR2 MMTSAO PAPSR PC PGI PHAPC50 PHAPCP70 PPCK PPS RHACOAE142 RHACOAEP60 SERAT_copy1 GLUCYS_copy2 AKGDb_copy2 ACALD ACOAD25f ADA ADPT,30,0.26345943,2.12211263,1.010541768464,0.87158001942376
ACSPHAC120 ANHMK CSND CYTK1 ECOAH27 G6PDH2r GART GDPMANNDH GLUR GLXCL HACD26i HACD6i HSK ICDHyr LSERDHr MAN1PT2 MAN6PI PC PGI PHAP2C141d5 PHAPCT40 PPCK PPK50_B PPS RHACOAEP40 TRSARr UPPRT ACALD PHET 3OADPCOAT,30,0.2515318,2.12083201,1.01152935729219,0.884655309337353
ANHMK APG3PAT161 DHSKDH FBP GART GLXCL HACD22i HACD3i HSK ICDHyr MAN6PI ME2 METGL NTP5 PAPSR PGI PHAPCT40 PPCK PPS ADD AKGDb_copy2 ACALD AKGDb_copy1 HBCE,24,0.25758448,2.11046991,1.01158596475796,0.879293658996895
ACOAD7f ACSPHACP100 ANHMK CYSTS GART GGGABAH GLXCL GTHPi HACD32i HSK LPSGTR1_kt MAN6PI NDPK3 OMPDC PGI PHAP2C80 PPCK PPS RHACOAEP100 HMR_0180_copy2 ACALD ADPT PHET DABAAT2 3OADPCOAT,25,0.26206113,2.10582306,1.01062331419241,0.875283107147591
ACSPHAC120 ANHMK ECOAH27 ECOAH6 FACOAL141 FACOAL160 GART GLXCL GLYK HACD22i HACD3i HSK ICDHyr MAN1PT2 MAN6PI METGL METSOXR2 NTP5 PAPSR PDH PDHcr PGI PHAPC40 PPCK PPK50_B PPS AKGDb_copy2 ACALD AKGDb_copy1 DUTPDP,30,0.25142834,2.09826992,1.0130154036617,0.887370842201855
ACOAD7f ACSPHAC40 ANHMK DLYSAD GALUi GART GLXCL GTHS HSK HXAND KAT1 MAN6PI MDH NACODA NTP10 NTPP5 PGI PGMT PHAPC70 PHAPCP70 PPCK PPS RBK RECOAH24 RHACOAE70 RHACOAE90 RHACOAEP90 TRSARr UPPRT ACALD,30,0.25260073,2.08172334,1.01170705997849,0.888651616940118
ACOAD7f ACS2 CSND CYTK1 DHSKDH ECOAH26 FACOAE100 G6PDH2r GART GLXCL HACD22i HIBDkt HSK HXAND HXPRT ACACT12 MACACI MAN6PI PC PGI PHADPCP50 PPCK PPK2 PPS RECOAH13 RECOAH19 RHACOAE121 RHACOAE80 ABUTD AKGDb_copy1,30,0.27003791,2.07609088,1,0.873790660974065
ANHMK ARUH CYSTS ECOAH28 FACOAE90 GART GLXCL GLYCK HACD22i HACD26i HACD6i HSK LEUTA MACACI MAN6PI METGL NTP5 PALGSKT PAPSR PGI PHAPC40 PPCK PPM PPS RECOAH19 RHACOAE142 SERAT_copy1 AKGDb_copy2 ACOAD2f DABAAT2,30,0.27174053,2.06878307,1.01081351656653,0.869914230492183
ACSPHAC60 ANHMK DHSKDH ECOAH26 ECOAH37 ECOAH8 EDA FALDM GART GLXCL GLYCTO1 HACD11i HSK ICDHyr MAN6PI NDPK1 NDPK5 NDPK6 ORPT PGI PGL PGMT PHAPCT40 PPCK PPS R15BPK RECOAH17 RECOAH9 URIH DUTPDP,30,0.26612951,2.05666057,1.0118890935902,0.877254081640136
ACSPHACP40 ANHMK CSND CYTK1 DHORDfum ECOAH27 FACOAL50i G6PDH2r GART GLXCL GUAPRT HACD3i HACD8i MACACI MAN6PI PDHcr PGI PHAPCT40 PPCK PPK50_B PPS PRMICI_copy1 RECOAH3 THRA THRD_L AACOAT ABTA AKGDb_copy1 BPNT 3OXCOAT,30,0.26994351,2.04824725,1.01092193337499,0.874632581400002
CBPS ECOAH26 FACOAE1829Z12Z FACOAE80 FBACS GART GLYCK GLYO1 GPDDA4 GTHS HSK LEUTA MAN6PI NTPP1 PGI PGMT PHAP2C141d5 PPCK PPS RHACOAE90 TPI GAPDi_nadp,22,0.27434406,2.03247466,1,0.875320008958641
ACSPHACP40 ANHMK CSND CYTK1 DHORDfum ECOAH27 FACOAL50i G6PDH2r GART GLXCL GUAPRT HACD3i HACD8i MACACI MAN6PI PDHcr PGI PHAPCT40 PPCK PPK50_B PPS PRMICI_copy1 RECOAH3 RHACOAE141d5 THRA AACOAT ABTA AKGDb_copy1 BPNT 3OXCOAT,30,0.27219341,2.03164964,1.01101116036917,0.874551916573743
ANHMK DHORDfum DHQTi_copy1 ECOAH6 FACOAE100 GALUi GART GDBTALDH GLU5K GLXCL GPDDA4 HACD14i HPPK LEUTA MAN6PI NTD9 PAPSR PGI PHAPC70 PHAPC90 PPCK PPS PROD2 RECOAH9 RHACOAE121 THRA ACALD ACOAD24f 3OADPCOAT 4HBHYOX,30,0.27394843,2.01770638,1.0110872524475,0.874653344980152
ANHMK CSPMDDH DHORDfum ECOAH8 FACOAE1829Z12Z GART GLXCL GLYALDDr HACD26i HACD8i MAN1PT2 MAN6PI PDHcr PGI PHADPC121 PHAPCT40 PPCK PPK PPS RECOAH3 THRA TRSARr AKGDb_copy2 ADK4 BPNT DCTPD2 HBCE 3OXCOAT,28,0.26739224,2.00770975,1.01156425623774,0.882808676370411
ACSPHAC120 ACSPHACP50 DAAD DHSKDH ECOAH28 HMR_0188 GART GLYCK GLYCTO1 GLYO1 HACD26i HXAND MAN6PI METGL PDHcr PGI PHAPC50 PHETA1 PPCK PPS RHACOAEP101 THRA TPI,23,0.27656451,1.98695878,1,0.879438214197756
ACSPHAC120 ACSPHACP50 ACSPHACP70 DAAD DHSKDH ECOAH28 HMR_0188 GART GLYCK GLYCTO1 GLYO1 HACD26i HXAND LYSDC MAN6PI ME2 METGL PDHcr PGI PHAPC50 PHETA1 PPCK PPS RHACOAEP101 THRA TPI,26,0.27656451,1.98695878,1,0.879438214197756
ACOAD7f ACSPHAC141 ACSPHACP40 ANHMK DAAD DLMETR FACOAE100 GART GLUR GLYCK GPDDA4 HACD26i HSK ACACT11 MAN6PI METGL NTPP5 NTPP6 PC PGI PGM PHAP2C141d5 PHAPC70 PHAPCT40 PHAPCT60 TPI TRSARr URIH ACALD 3OXCOAT,30,0.27754765,1.92412026,0.410492288441282,1.08127718052346
ACOAD7f ACSPHAC141 ACSPHACP40 ANHMK APSR GART GLUR GLYCK GPDDA4 HACD26i HSK ACACT11 MAN6PI METGL NTPP5 NTPP6 OCOAT1 PC PGI PGM PHAP2C141d5 PHAPC70 PHAPCT40 PHAPCT60 TPI TRSARr URIH ACALD ALCDpp 3OXCOAT,30,0.27754765,1.92412026,0.410492288441282,1.08127718052346
ACOAD7f ACS2 CSND CYSTS CYTK1 ENO FACOAE80 FACOAL141 GART GLXCL HSK MAN6PI PDHcr PGI PGM PGMT PRMICI_copy1 RECOAH3 TRYPTAOX 3OADPCOAT,20,0.28205209,1.90964039,0.412423322231011,1.07857684339177
CSND CYSTS CYTK1 DHSKDH ECOAH27 ENO G6PDH2r GART GLXCL HACD3i HACD6i HSK MAN6PI PCADYOX PDHcr PGI PHAPCT40 PPCK PPK50_B PRMICI_copy1 RECOAH3 AKGDb_copy1 PHET 3OADPCOAT,24,0.28102618,1.90851414,0.444023079984932,1.06798753050234
CSND CYSTS CYTK1 DHSKDH ECOAH27 ENO G6PDH2r GART GLXCL HACD3i HACD6i HSK MAN6PI NDPK3 PCADYOX PDHcr PGI PHAPCT40 PPCK PPK50_B PRMICI_copy1 RECOAH3 AKGDb_copy1 3OADPCOAT,24,0.28100574,1.9084917,0.495713753035792,1.0493295873455
CSND CYTK1 ECOAH26 ECOAH8 FACOAE60 HMR_0188 GART GLUR GLXCL GLYCTO1 GLYO1 GTPDPK HACD3i HSK HXAND LYSDC MAN6PI NTPP5 PALGSKT PDHcr PGI PGM PHAPC50 PRMICI_copy1 RECOAH3 SERD_L ACOAD2f ADPT PHET,29,0.28242095,1.90351644,0.407618025504128,1.08077632032176
ACS2 ACSPHAC120 CYSTS CYTK1 ENO FACOAL141 GART GLUR GLXCL HACD26i HSK MAN6PI PCADYOX PGI RECOAH2 RECOAH3 ACOAD23f,17,0.28373338,1.89416229,0.461316113035414,1.06120658911887
ACOAD7f ANHMK CYSTS ENO HMR_0188 FACOAL160 GALUi GART GLUCYS_copy1 GLXCL GLYCLTDx HACD26i HACD32i HSK ICDHyr LPSGTR1_kt MAN6PI ME2 MMTSAO PC PGI PHAP2C80 PPS RHACOAE90 RHACOAEP100 HMR_0180_copy2 ALATA_L ALDD1 DABAAT2 3OADPCOAT,30,0.27912388,1.88938336,0.600181718597492,1.01662926076161
APG3PAT160 APG3PAT161 CSND ENO GART GLXCL HACD22i HACD3i HSK ACACT12 MAN6PI MCITD METGL MGCH NADTRHD PGI PHAPC40 ADD AKGDb_copy2 ADPT ALDD2x BPNT DAAD2 HBCHLR 3OADPCOAT,25,0.28465769,1.88861819,0.405243540056831,1.08162248622694
ACSPHAC90 AMPN ANHMK CSND CYTK1 ECOAH27 ECOAH6 G6PDH2r GLXCL GLYALDDr HACD26i HSK LEUTA MAN6PI METGL PGI PHAPC50 PPCK PPS RECOAH17 ACALD HBCE 3OADPCOAT,23,0.27893515,1.86772357,1,0.894230638497089
ACSPHAC121d6 APSR2 CSND CYSTS DHSKDH ECOAH26 ENO FALDM GART GLYCK HACD11i HSK ACACT12 LEUTA MAN6PI PGI PGL PGM PGMT PHAP2C142 PHAPCP100 PPCK QUIDH QUIDHy R15BPK RECOAH9 TPI ADD AKGDa 3OXCOAT,30,0.2856915,1.86030952,0.433699217512597,1.07378546657296
ACOAD7f ACSPHAC141 ACSPHACP40 ANHMK DAAD DLMETR GART GLUR GLYCK GPDDA4 HACD26i HSK ACACT11 ACACT9 MAN6PI METGL NTPP5 NTPP6 PC PGI PGM PHAP2C141d5 PHAPC70 PHAPCT40 PHAPCT60 TPI TRSARr URIH ALCDpp 3OXCOAT,30,0.2871398,1.85499117,0.400721146981366,1.0853589441656
ANHMK APG3PAT160 APG3PAT161 DLMETR FALDM GART GLYCK HPYRRy HSK ACACT12 LEUTA MACACI MAN6PI NTPP4 PAPSR2 PCADYOX PGI PGM PHAPCT40 PPCK PPK2 PPM TPI ADPT AGMDA DAAD2 HBCE 3OXCOAT,28,0.28607489,1.85404549,0.432870987034199,1.0745446597632
ACS2 ACSPHACP60 APG3PAT160 ARGDC ECOAH25 ENO FACOAL141 FACOAL161 GART GLXCL HACD22i HACD3i ACACT10 MAN6PI ME2 METGL MMTSAO NTPP5 PDHcr PGI PGM THRA AKGDb_copy2 ACALD ACOAD22f,25,0.28706535,1.84010318,0.460369772945429,1.06548389400164
APSR DHMPTR ECOAH28 ENO FACOAE80 HMR_0180_copy1 GART GGGABAH GLXCL GTHS HACD6i ACACT10 MAN6PI PAPSR PC PGI PGM PHAP2C141d5 PHAPC50 PHETA1 PPCK RECOAH6 RHACOAET40 THRA TRSARr URIH,26,0.28596995,1.83918698,0.48367466581716,1.05810701340371
ACOAD7f ACSPHAC121d6 APG3PAT161 CSND CYTK1 EDA ENO GART GGPTRCS GLUSy GLYCK GTHS GTPDPK HACD11i HACD6i MAN6PI ME2 PGI RECOAH17 RECOAH3 RHACOAE80 THRA TPI TRYPTAOX URIH AKGDb_copy2 3OADPCOAT 3OXCOAT,28,0.28725761,1.82172346,0.396624931886052,1.09082384621773
ANHMK ECOAH6 FACOAL160 GLUR GLXCL HACD22i HSK HXAND KAT1 MAN1PT2 MAN6PI MCITD ME2 METGL NDPK5 NTP5 PDHcr PGI PHETA1 PPCK PPK50_B PPS PYK RECOAH17 RHACOAEP90 ACALD PHET,27,0.28595018,1.81206575,1,0.895565523243171
ACSPHAC120 ACSPHACP50 ACSPHACP70 DAAD DHSKDH ECOAH28 ENO HMR_0188 FACOAL161 GART GLYCK ACACT8 MAN6PI ME2 METGL OIVD2 PDHcr PGI PGM PHETA1 PPS RHACOAEP101 THRA TPI ALATA_L,25,0.28957819,1.80583392,0.398392261516656,1.09029645871511
ACSPHAC50 AMPN APG3PAT160 ECOAH26 ECOAH28 ENO FACOAE60 GART GLYCK MAN6PI METGL PGI PGL PGM PGMT PHAPC50 PPCK QUIDH RECOAH17 CTECOAI6 THRA TPI NDP8 AKGDb_copy2 ALDD1 3OADPCOAT,26,0.28846357,1.80504163,0.430695910752266,1.07947241983105
ACSPHAC90 AMPN ANHMK CYSTS ECOAH27 ECOAH28 GLXCL GLYALDDr HACD26i HSK LEUTA MAN6PI METGL NMNDA PAPSR PGI PHAPC50 PPCK PPS RHACOAE142 AKGDb_copy2,21,0.29557839,1.74541757,1,0.896515596246338
ACOAD4f ACSPHAC80 ANHMK ARUH CYSTS ECOAH27 GLXCL HACD26i HIBDkt HSK MAN6PI METGL PAPSR PDH PGI PHAP2C121d6 PHAPC50 PPCK PPS PROD2 QUIDH RECOAH17 RECOAH19 RECOAH6 RHACOAE142 RHACOAEP60 AKGDb_copy2 ADA DUTPDP 3OADPCOAT,30,0.29557839,1.74541757,1,0.896515596246338
ACOAD7f ANHMK ASPT ECOAH6 FACOAL160 GDBTALDH GLUR GLXCL HSK HXAND KAT1 MAN1PT2 MAN6PI ME2 METGL NDPK5 PC PDHcr PGI PHETA1 PPCK PPS DAAD2 PHET,24,0.29675812,1.72842314,1,0.89803314192688
ACOAD7f ACS2 ACSPHAC100 ASPT ECOAH8 HMR_0260 GLUDy GLXCL GTHPi HACD32i HACD8i HSK MACACI MAN1PT2 MAN6PI METGL MMTSAO NDPK6 NMNDA NTPP1 OMPDC PGI PHAPC40 PPCK PPS URO_c AKGDb_copy2 3OXCOAT,28,0.29728812,1.72115078,1,0.898665436872055
ANHMK ASPCT CSND CYTK1 DHQTi_copy1 DHSKDH ECOAH6 G6PDH2r GLXCL HACD22i HACD26i HSK LPSGTR1_kt MACACI MAN6PI PGI PHAP2C100 PPCK PPS URIH,20,0.29891498,1.66000041,1,0.906679490282168
ACOAD7f ANHMK ASPCT CSND CYTK1 ECOAH6 FACOAE60 G6PDH2r GLXCL GLYALDDr GLYO1 HACD11i HACD26i HSK ACACT10 ACACT9 MACACI MAN6PI ME2 PGI PGMT PHADPC121 PPCK PPS RECOAH3 RHACOAE80 RHACOAEP101 RHACOAET60 ALATA_L HBCE,30,0.29891498,1.66000041,1,0.906679490282168
AMPN ANHMK CSPMDDH EDA FACOAL161 GDBTALDH GLXCL HACD20i HACD32i HCYSMT HSK ACACT10 MAN6PI MCITD METSOXR1 NDPK5 PC PDE4 PGI PHADPC101 PHAP2C142 PPCK PPM PPS RECOAH2 RECOAH3 TRSARr HBCE,28,0.30138378,1.64279357,1,0.907156038396916
AMPN ANHMK CSPMDDH EDA GDBTALDH GLUTCOADHc GLXCL HACD20i HACD32i HCYSMT HSK ACACT10 MAN6PI MCITD METSOXR1 NDPK5 PC PDE4 PGI PHADPC101 PHAP2C142 PPCK PPK50_B PPM PPS RECOAH2 RECOAH3 TRSARr AKGDb_copy2 HBCE,30,0.30138378,1.64279357,1,0.907156038396916
ACSPHAC120 AMPN ANHMK ECOAH6 EDA GDPMANNDH GLXCL HACD22i HACD26i HACD6i HSK ACACT10 MAN6PI MCITD PC PGI PHAP2C141d5 PPCK PPS RECOAH2 RHACOAET40 TRSARr,22,0.30193046,1.63525233,1,0.907855023670222
ACOAD7f ACSPHAC70 ANHMK ASPCT CSND ECOAH6 FACOAE60 G6PDH2r GLXCL GLYALDDr GLYO1 HACD11i HACD26i HSK ACACT9 MACACI MAN6PI ME2 METSOXR1 PDHcr PGI PGMT PHADPC121 PPCK PPS RECOAH3 RHACOAE80 RHACOAEP101 ALATA_L HBCE,30,0.30193046,1.63525233,1,0.907855023670222
ACSPHACP40 ANHMK CSND CYTK1 DHORDfum FACOAL50i G6PDH2r GLXCL GPDDA4 GTHPi HACD3i HACD8i ACACT10 MACACI MAN6PI METGL PDHcr PGI PHADPC121 PHAPCT40 PPC PPCK PPK50_B PPS RECOAH3 SSALy THRA AKGDb_copy1 BPNT 3OXCOAT,30,0.30327531,1.60647842,1,0.911211880569658
APG3PAT160 CSPMDDH DHORDfum ECOAH8 EDA FACOAE1829Z12Z GDBTALDH GLXCL GLYALDDr HACD26i MAN1PT2 MAN6PI NDPK5 PGI PHADPC121 PPCK PPS RECOAH3 THRA TRSARr PRAMPC_copy2 AKGDb_copy2 HBCE,23,0.30606438,1.58519924,1,0.912152172955709
ACS2 APG3PAT160 CSPMDDH ECOAH8 EDA FACOAE1829Z12Z GDBTALDH GLXCL GLYALDDr GRXR HACD26i ACACT9 MAN1PT2 MAN6PI ME2 NDPK5 PGI PHADPC121 PHAPCT60 PPCK PPS RECOAH3 THRA TRSARr DMALRED PRAMPC_copy2 AKGDb_copy2 DAAD2 DABAAT2 HBCE,30,0.30606438,1.58519924,1,0.912152172955709
23CTI1 ACOAD7f ACSPHAC121d6 CSND DHSKDH FACOAE100 FACOAL50i FDH GDPDPK GLXCL GLYCLTDx HACD3i MACACI MAN6PI MMTSAO OAADC PDHcr PGI PGMT PHADPC121 PPCK PPS PRMICI_copy1 SERD_L THRA TMPK DMALRED ADPT AGMDA ECOAH17,30,0.30662795,1.57743337,1,0.912903560370429
ACSPHAC40 DLYSAD FACOAE80 FBACS GLYCK GND HACD26i HSK ACACT11 MAN6PI NACODA NTP10 NTPP1 NTPP5 OXPTNDH PGI PGL PGMT PHAP2C141d5 PHAPC70 PPCK PPS RBK RECOAH24 RHACOAE120 RHACOAE90 RHACOAEP90 TPI TRSARr GAPDi_nadp,30,0.30698768,1.56624807,1,0.914384031226374
ACSPHAC40 CBPS DLYSAD ECOAH26 FACOAE1829Z12Z FACOAE80 FBACS GLYCK GND HACD26i HSK ACACT11 MAN6PI NTPP1 NTPP5 OXPTNDH PGI PGL PGMT PHAP2C141d5 PHAPC70 PPCK PPS RBK RECOAH24 RHACOAE90 RHACOAEP90 TPI TRSARr GAPDi_nadp,30,0.30698768,1.56624807,1,0.914384031226374
ECOAH26 FACOAE80 GLYCK GPDDA4 GTHS HACD26i HACD8i MAN6PI NDPK6 PGI PHAP2C141d5 PHAPC40 PHAPC70 PPCK PPS RECOAH24 RHACOAE90 RHACOAEP90 THRA TPI TRSARr AKGDb_copy2 ADPT 3OXCOAT,24,0.31184512,1.5063535,1,0.919919687282635
ECOAH26 FACOAE80 GLYCK GPDDA4 GTHS HACD26i HACD8i MAN6PI NDPK6 PGI PHAP2C141d5 PHAPC40 PHAPC70 PPCK PPS RECOAH13 RECOAH24 RHACOAE90 RHACOAEP90 THRA TPI TRSARr AKGDb_copy2 SERAT_copy2 ADPT 3OXCOAT,26,0.31184512,1.5063535,1,0.919919687282635
ACSPHACP50 APG3PAT160 APG3PAT161 ECOAH28 ENO GLXCL GLYCK HACD22i HSK ACACT12 MAN6PI MCITD METGL NADTRHD NTPP4 PGI PGM PTRCTA XTSNH ADD AKGDb_copy2 ACALD ADPT ALDD2x DAAD2 HBCHLR,26,0.31303339,1.4342307,0.232184496356762,1.18219888012329
ACOAD7f ACS2 ACSPHACP90 ECOAH28 ECOAH8 ENO FACOAL141 GLXCL HACD32i HSK MAN6PI METGL MMTSAO PGI PGL PGM PHAPC40 PHAPC50 RECOAH22 ACALD BPNT,21,0.3130463,1.43414651,0.237332624598981,1.18027807338257
APG3PAT160 APG3PAT161 ECOAH28 ECOAH37 ENO GLYCK HACD22i HSK ACACT12 MAN6PI METGL NTPP4 OIVD2 PGI PGM PHADPC101 PHAPCT40 PTRCTA TPI ADD AKGDb_copy2 SERAT_copy2 ACACT1r ACALD ADPT ALDD2x DAAD2,27,0.31847274,1.35915184,0.184032234595652,1.20657545460853
APG3PAT160 APG3PAT161 CYTDH ECOAH28 ECOAH37 ENO GLYCK HACD22i HSK ACACT12 MAN6PI METGL NTPP4 OIVD2 PDHcr PGI PGM PHADPC101 PHAPCT40 PTRCTA TPI AKGDb_copy2 ACALD ADPT ALDD2x DAAD2,26,0.31848586,1.35906196,0.179516729565325,1.20827896531562
DHMPTRx ECOAH37 ECOAH8 ENO GLYCK GPDDA4 H2CO3D HACD26i HACD3i HSK ACACT12 MAN6PI METGL NTPP4 OIVD2 PGI PGM PHADPC101 PHAPC70 PPCK PTRCTA RHACOAE90 TPI ADD AKGDb_copy2 SERAT_copy2 ACACT1r ACALD ADPT ALDD2x,30,0.31752778,1.35511903,0.199896997988648,1.2017382688092
ACOAD7f ACS2 CYSTS ENO FACOAE100 GALUi GGGABAH GLXCL GLYCK HSK ACACT12 LEUTA MAN6PI METGL NTD7 PDHcr PGI PGM PGMT PHETHPTOX3 PPCK QUIDHy RHACOAE142 SERD_L ADK1,25,0.32301281,1.3515502,0.194968211941811,1.20065966446804
ACOAD7f CYSTS ECOAH26 ECOAH38 ECOAH4 ECOAH6 ENO GAPD GLUR GLXCL GPDDA4 HACD26i HACD8i HSK LPSGTR1_kt MAN6PI MCITD METGL MLTGY4pp NTD7 NTPP4 PDHcr PGI PGM PHAPC90 PPCK AKGDb_copy2 ADA ADPT AKGDa,30,0.32301255,1.35154912,0.244510840213484,1.18215268098892
ACSPHAC120 ENO GLXCL GLYCLTDx HSK ACACT12 MAN6PI MCITD METGL MGCH NADTRHD NDPK5 PGI PTRCTA RECOAH3 RHACOAE90 RHACOAEP90 ADD AKGDb_copy2 ADPT AKGDb_copy1 ALATA_L DAAD2 3OADPCOAT,24,0.32603211,1.32664748,0.179837194563443,1.20780584274845
ACOAD7f ENO FBACS GLXCL HACD14i HSK ACACT12 LPSGTR1_kt MAN6PI METGL NTPP9 PGI PGM PHAPC40 RHACOAEP90 ADNK1 ADPT 3OADPCOAT 3OXCOAT,19,0.32604277,1.32654151,0.175204406464833,1.20955978044783
DAAD ECOAH26 ENO FACOAE181 GLYALDDr GLYCK HACD26i HACD8i HSK HXAND MAN6PI METGL PAPSR PDHcr PGI PGM PHAP2C100 PHAPC40 PPCK AKGDb_copy2 ACOAD23f ECOAH17,22,0.32505576,1.32252575,0.241716005893881,1.18581873906057
ACSPHAC121d6 CYSTS ECOAH38 ECOAH4 ENO FACOAE100 GLUR GLYCK HACD26i HACD8i HSK HXAND ACACT12 MAN6PI METGL MLTGY4pp NTD7 PDHcr PGI PGM PPCK RECOAH22 RHACOAE142 RHACOAEP101 TPI ADA ADK1 AKGDa ALDD2x BGLApp,30,0.32880771,1.27255161,0.190403868571087,1.20937929942168
ACOAD7f ACSPHAC121 ASPSALy CYTK1 FACOAE80 GLUR GLXCL GLYCLTDx GLYK HACD26i HACD32i HSK ACACT13 ACACT12 LYSDC MAN6PI METGL MMTSAO NTPP9 P5CR PDHcr PGI PGM PHAPC40 PHAPCT40 PPCK PPK RECOAH3 RECOAH7 RHACOAEP100,30,0.31205545,1.26963256,0.263378479690068,1.19321040017079
ACSPHACP100 CSND DHSKDH ECOAH37 ENO G6PDH2r GDPMANNDH GGGABAH GLUR GLXCL GTHPi HCO3E HPYRI HPYRRy HSK ACACT10 MAN6PI ME2 NDPK3 PGI PGL PHETHPTOX3 PPCK QUIDHy RECOAH17 RHACOAEP100 HMR_0180_copy2 3OADPCOAT,28,0.32769942,1.24672063,0.234719182597272,1.19707287528745
ACSPHAC121d6 APG3PAT160 ECOAH26 ECOAH8 ENO GDBTALDH GLYCK HSK MACACI MAN6PI ME2 METGL PGI PGL PGM PGMT PHAPC50 PPCK RECOAH15 RHACOAE120 TPI THRD_L NDP8,23,0.33031518,1.24020533,0.233989639834294,1.19667551817668
ACSPHAC120 ACSPHACP100 DHSKDH ENO FACOAL160 GLXCL GLYCLTDx HSK MACACI MAN6PI ME2 NDPK5 PAPSR PDH PDHa PGI PHAP2C80 PHAPC40 PPK50_B PRAMPC_copy1 RECOAH17 RHACOAEP100 RHACOAEP90 AACOAT ALATA_L,25,0.33163849,1.22543672,0.215680875883858,1.20468406713576
ACOAD7f ACSPHAC121 ASPSALy FBACS GLXCL GLYALDDr GLYCLTDx HACD14i HACD26i HSK ACACT13 ACACT12 MAN6PI MMTSAO NTPP9 PGI PGM PHAPC40 PHAPCT40 PPCK ALDD2x 3OADPCOAT,22,0.33061391,1.22165081,0.226022038818633,1.20197947133291
CSND CYTK1 ENO HMR_0180_copy1 FACOAL141 GGPTRCS GLXCL HACD32i HXAND ACACT10 MACACI MAN6PI NTPP11 PGI PGM PHAPCP70 PRMICI_copy1 PTRCTA RECOAH17 RECOAH3 RHACOAE141 SSALx THRA PRAMPC_copy2 GLUCYS_copy2 BPNT 3OXCOAT,27,0.33326172,1.1918119,0.164652964042795,1.22730948990126
ACSPHAC40 ASNN CSND DHSKDH ENO G6PDH2r GLUR GLXCL GLYALDDr HCO3E ILEDHr_1 MAN6PI NDPK3 PDHa PDHcr PGI PGM PGMT PPCK QUIDHy RECOAH3 RHACOAE70 THRA ALDD2y ACOAD25f 3OADPCOAT 3OXCOAT,27,0.33294732,1.18134371,0.179670495620749,1.22331053789831
CSND CYSTS CYTK1 ENO FACOAE100 GGGABAH GLYCK GPDDA4 HACD8i HSK ACACT10 MAN6PI PDHcr PGI PGM PHAPCT40 PPK2 PRMICI_copy1 RECOAH22 RECOAH3 RECOAH6 RHACOAE142 SERD_L TPI PRAMPC_copy2 ADK1,26,0.33359639,1.17376825,0.157544240811479,1.23222359007685
CSND CYSTS CYTK1 ENO FACOAE100 GGGABAH GLYCK GPDDA4 HACD8i HSK ACACT10 ACACT12 MAN6PI PDHcr PGI PGM PHAPCT40 PPK2 PRMICI_copy1 RECOAH22 RECOAH3 RECOAH6 RHACOAE142 SERD_L TPI PRAMPC_copy2 ADK1,27,0.33359639,1.17376825,0.157544240811479,1.23222359007685
DHORDfum ENO FBA GLXCL MAN6PI PGI PTRCTA RECOAH3 RHACOAE90 RHACOAEP40 THRA TRSARr ADD AKGDb_copy2 ACALD ADPT AKGDb_copy1 3OADPCOAT,18,0.33729531,1.15498314,0.154811076382888,1.23373290706894
ACSPHAC80 AMPN CYTK1 DHORDfum DLYSPYRAT ENO FBA GLXCL HACD8i LEUTA MAN6PI PGI RECOAH3 RHACOAE90 RHACOAEP40 THRA AKGDb_copy2 ACALD AKGDb_copy1 3OADPCOAT,20,0.33674993,1.15288428,0.159632134147734,1.23252032473667
ECOAH26 ENO GGGABAH GLXCL GPDDA4 HACD17i HACD32i MAN6PI PGI PPCK PPM RECOAH3 THRA AKGDb_copy2,14,0.33625494,1.15118964,0.218699240522682,1.21114608622492
ACSPHAC121d6 ASPT ECOAH26 FBACS GLYCK HSK MACACI MAN6PI ME2 PGI PGL PGM PGMT PHAP2C142 QUIDH R15BPK TPI ADNK1 3OXCOAT,19,0.33774828,1.14196005,0.158322819586232,1.23394958626573
APG3PAT160 APSR2 ENO GGGABAH GLYCK HACD22i HACD32i HACD3i HCO3E HIBDkt HSK ACACT9 ACACT12 MAN6PI MCITD METSOXR2 PGI PGL PGM PPCK RECOAH15 RECOAH6 RHACOAE70 TPI DMALRED NDP8 AKGDa BPNT 3OADPCOAT,29,0.33668732,1.13837281,0.174510403302387,1.22900429131872
ACSPHAC121d6 CSND CYTK1 ENO FALDM GGGABAH GGPTRCS GLYCK GTHS GTPDPK HACD11i ACACT12 MAN6PI METGL NTPP5 PGI PGMT RECOAH17 THRA TPI AKGDb_copy2 3OADPCOAT 3OXCOAT 4HBHYOX,24,0.33942778,1.10735834,0.149459746635941,1.2410816036984
ACSPHAC90 APG3PAT161 CSND CYTK1 ENO GGPTRCS GLYCK HACD20i HACD6i HACD8i MAN6PI MLTGY4pp NTPP11 OIVD2 PGI PHAPC70 PRPPS RECOAH17 RECOAH3 RHACOAE90 THRA TPI GLUCYS_copy2 AACOAT ADPT BPNT DABAAT2,27,0.33943342,1.10730106,0.15458775391062,1.23917604444668
ACSPHAC120 ENO G5SD_copy1 GGGABAH GLXCL GPDDA4 HACD32i MAN6PI OMPDC PDHcr PGI PHAPC40 PHAPC50 PPCK PPK PTRCTA RECOAH17 RECOAH3 SSALx THRA PRAMPC_copy2,21,0.32260001,1.10444112,0.245788678059867,1.21581171018302
ACS ANHMK ASPT DLMETR FALDM GART GND HACD8i HSK ICDHyr LEUTA LYSMO MACACI MAN6PI NMNDA PAPSR2 PCADYOX PGI PHAPC50 PHAPC90 PHAPCT40 PPA2 PPCK PPK2 PPS RECOAH17 RHACOAET60 VALDHr AGMDA ECOAH17,30,0.33754414,1.08531202,0.213420946961188,1.22156839577076
ASPSALy DHORDfum ECOAH27 FACOAL50i GLXCL GTHPi HACD3i HACD6i HACD8i HXPRT MACACI MAN6PI NTPP6 PDHcr PGI PHAP2C80 PPCK PPS ADPT BPNT DABAAT2,21,0.3369301,1.08334282,1,0.972511323142632
ACSPHAC120 DAAD ECOAH37 ENO FACOAL141 GGGABAH GLUR GLYCK GTPDPK HACD32i ACACT10 MACACI MAN6PI METGL PGI PGL PGM PHAPC50 PHAPCT40 PRMICI_copy1 RECOAH6 SERD_L THRA TPI AKGDb_copy2 4HBHYOX,26,0.34363928,1.06856766,0.149441443364682,1.24418636262628
ACOAD7f FACOAE90 GLYCK GTHS HACD26i HACD6i MACACI MAN6PI PGI PGM PPCK PPM RECOAH6 RHACOAE141 THRA TPI MAN1PT BPNT DABAAT2,19,0.3425054,1.06504178,0.165554294910387,1.23930392929025
ACOAD7f ACSPHAC141 ACSPHACP40 CYSTS DAAD DHMPTR DHORDfum DLMETR EDA GART GDPMANNDH GLUR HACD8i HSK ICDHyr MAN6PI MCITD PGI PGMT PHAPC90 PHAPCT40 PPCK PPS QUIDHy ALATRS 3OXCOAT,26,0.34669859,1.03835424,0.206089964196278,1.22591473995109
ACOAD7f ACSPHAC141 ACSPHACP40 CYSTS DAAD DHMPTR DHORDfum DLMETR EDA GART GDPMANNDH GLUR GLYCLTDx HACD8i HSK ICDHyr MAN6PI MCITD PGI PGMT PHAPC90 PHAPCT40 PPCK PPS QUIDHy ALATRS 3OXCOAT,27,0.34669859,1.03835424,0.206089964196278,1.22591473995109
ECOAH8 GART GDPMANNDH HACD22i HACD23i HCO3E HIBDkt HSK ICDHyr KAT1 ACACT10 LEUTA MACACI MAN6PI METGL PAPSR PGI PPCK PPS RHACOAE80 TRSARr HMR_0180_copy2 AGMDA 3OXCOAT,24,0.34738951,1.02831794,0.204505369203578,1.22755756245302
ASPT FACOAE80 GDBTALDH GLUR GLYCK HACD8i MAN1PT2 MAN6PI ME2 METGL NDPK5 NDPK6 OIVD2 PC PGI PHAPC70 PHETA1 PPCK PPS PRPPS RHACOAE90 TPI AACOAT PHET,24,0.34253397,1.00574138,1,0.982457922569434
ACOAD7f ECOAH28 FACOAE90 GGGABAH GLYCK GTHS GTPDPK HACD26i HACD6i LEUTA MACACI MAN6PI METSOXR1 NTP5 PGI PPCK PPM PPS RECOAH6 RHACOAE70 RHACOAET40 TPI ADPT BPNT DABAAT2,25,0.34320592,0.99575501,1,0.983795250197126
ACOAD7f ACS ACSPHAC141 CYSTS DAAD DHMPTR DLMETR ECOAH7 EDA ENO FACOAE100 GART GDPMANNDH GLUR HACD1i HACD22i HACD8i HSK ICDHyr MAN6PI PC PDHcr PGI PGM PGMT PHAP2C100 PPC AKGDb_copy2 ADK1 ALDD1,30,0.34740581,0.95503828,0.192740846792401,1.24232372507248
ACSPHAC60 ANHMK DHSKDH ECOAH26 ECOAH37 ECOAH8 GART GLUDy GLYCTO1 ICDHyr KAS15 MALS MAN6PI METSOXR1 NDPK1 NDPK5 NDPK6 NTPP5 ORPT PGI PHAPC50 PHAPCT40 PPA PPCK PPS RECOAH17 THRA URIH ACOAD25f DUTPDP,30,0.3521622,0.94781409,0.191562183562006,1.24135185845322
ACOAD4f ACSPHAC121d6 ECOAH37 ECOAH8 FACOAE60 HMR_0188 GART GGGABAH GTHS HACD1i HACD32i HACD3i HPYRI ICDHyr ILEDHr_1 ACACT9 MAN6PI NTPP6 PDHcr PGI PHAPC40 PPCK PPS RHACOAE142 RHACOAEP101 SFGTHi THRA AGMDA AKGDa BUP,30,0.35240232,0.94473356,0.191058532191275,1.24185803631752
ACSPHAC90 CSND CYSTS CYTK1 DHSKDH ECOAH8 ENO GART GLYCTO1 HACD3i HACD6i HSK ICDHyr MAN6PI PCADYOX PDHcr PGI PGM PHAP2C100 PHAPCT40 PPK50_B PRMICI_copy1 RECOAH3 RHACOAE120 SERD_L PHET,26,0.3550072,0.90813933,0.185027205082038,1.248042489715
ACS2 ACSPHAC90 CSND CYSTS CYTK1 DHSKDH ECOAH8 ENO GART GLYCTO1 HACD3i HACD6i HSK ICDHyr ACACT12 MAN6PI NTD7 PCADYOX PDHcr PGI PGM PHAP2C100 PHAPCT40 PPK50_B PRMICI_copy1 RECOAH3 RHACOAE120 RHACOAEP70 SERD_L PHET,30,0.3550072,0.90813933,0.185027205082038,1.248042489715
ACSPHAC90 CSND CYTK1 DHSKDH ECOAH26 ECOAH8 ENO GART GLYCTO1 GLYO1 HACD3i HSK ICDHyr LYSDC MAN6PI NTPP5 PALGSKT PDHcr PGI PGM PHAPC90 PHAPCT40 PRMICI_copy1 RECOAH3 ACOAD2f PHET,26,0.35573167,0.89759629,0.183272802221967,1.24985285374271
ACOAD7f ACSPHAC141 CYSTS DAAD DHMPTR DLMETR ECOAH7 EDA ENO FACOAE100 GART GDPMANNDH GLUR HACD1i HACD22i HACD8i HSK ICDHyr MAN6PI PC PDHcr PGI PGM PGMT PHAP2C100 PPC AKGDb_copy2 ADK1 ALDD1,29,0.35784274,0.89240088,0.182405517015659,1.24988980140822
ACOAD7f ANHMK APG3PAT161 DHSKDH ECOAH4 ENO FBP GART HACD32i HACD3i HSK ICDHyr MAN6PI ME2 METGL NADHPO ORPT PAPSR PC PGI PGL PGM PHAPCT40 RECOAH22 ADD AKGDb_copy2 AKGDb_copy1 BPNT HBCE,29,0.35857884,0.88174108,0.180620194989755,1.25173387959627
ACOAD7f ACSPHAC141 DAAD DHMPTR EDA ENO FACOAE100 GART GDPMANNDH GGGABAH GLUR GLYCLTDy HACD1i HACD8i HSK ICDHyr MACACI MAN6PI PDHcr PGI PGM PGMT PHAP2C100 PHAP2C120 PPC PRMICI_copy1 AKGDb_copy2 ADK1 ALDD1 DCTPD,30,0.35857884,0.88174108,0.180620194989755,1.25173387959627
CSND CYTK1 DHORDfum DHSKDH ENO GART HACD6i HXAND ICDHyr ACACT10 MACACI MAN6PI PGI PGM PHAPC50 PHAPCP70 PRMICI_copy1 RECOAH3 RHACOAE120 RHACOAE141 THRA GLUCYS_copy2,22,0.36100507,0.80992222,0.168385723779447,1.26552760600546
CSND CYTK1 DHORDfum DHSKDH GART HACD22i HXAND ICDHyr KAT1 MACACI MAN1PT2 MAN6PI METGL NDPK5 PGI PGM PHETA1 PRMICI_copy1 RHACOAE120 RHACOAE141 RHACOAEP90 THRA PHET,23,0.36100507,0.80992222,0.168385723779447,1.26552760600546
ACOAD7f ACSPHAC60 CYSTS ECOAH8 ENO GART GGGABAH GLYCTO1 GPDDA4 HACD32i ICDHyr MALS MAN6PI NTPP5 PGI PHAPC50 PPK2 QUIDHy RECOAH3 RHACOAE90 RHACOAEP60 THRA,22,0.36315816,0.78350008,0.163792216592352,1.27007626666634
ANHMK ECOAH8 ENO GALUi GART HACD8i ICDHyr MAN1PT2 MAN6PI NTPP4 PAPSR PDHcr PGI PHADPC121 PHAPCT40 PPS RECOAH3 THRA TRSARr AKGDb_copy2 ADPT BPNT,22,0.36317581,0.78340857,0.163776216262862,1.27008737829276
ACSPHAC121d6 APG3PAT160 ECOAH8 ENO GDBTALDH GLYCK MAN6PI METGL PGI PGL PGM PGMT PHAPC50 PHAPCT40 PPCK RECOAH15 TPI THRD_L NDP8,19,0.37140346,0.57714464,0.100659643827766,1.31992887135946
ACOAD7f ENO GLXCL HACD11i HACD8i HCO3E KAT1 MAN6PI PAPSR2 PGI PHADPC101 PHADPCP50 PHETA1 PHETHPTOX3 RECOAH3 RHACOAEP40 3OADPCOAT,17,0.37435199,0.55944733,0.149954565487952,1.3037542436223
ACSPHAC40 CSPMDDH ENO G6PDH2r GGGABAH GLUR GLXCL GLYCTO1 HCO3E CTECOAI7 MAN6PI NDPK3 PDHa PGI PGM PHAPC50 PHAPCT40 PPCK QUIDHy RECOAH3 RHACOAE70 MAN1PT AKGDb_copy1 BDH,24,0.37246063,0.5566208,0.151188543068297,1.3045493357828
GLXCL HACD6i CTECOAI7 HXPRT MAN6PI PDHcr PGI PGK PGM PPCK PPM ALAR DABAAT2,13,0.3638181,0.54370505,0.151921743310737,1.31003857560222
ACOAD7f CYSTS DAAD DHMPTR EDA ENO FACOAE100 G5SD_copy1 GLXCL HACD1i HACD22i HACD32i ICDHyr MAN6PI PC PDHcr PGI PGM PHAP2C100 PHAPC40 PPC PPCK PTRCTA RECOAH17 RECOAH3 SSALx PRAMPC_copy2 ADK1 ALDD1,29,0.36134057,0.54000252,0.172688718568192,1.30442730264097
ACSPHAC120 DAAD ECOAH27 ECOAH37 ENO FACOAL161 GLYCK HACD32i ACACT10 MAN6PI PC PGI PGL PGM PHAPCT40 TPI AKGDb_copy2 ALATA_L,18,0.3821576,0.45111488,0.129796633640153,1.32437184242947
ACSPHAC120 ACSPHACP90 DAAD ECOAH27 ECOAH37 ENO FACOAL161 GLYCK HACD32i ACACT10 MAN6PI NTPP4 PC PDH PGI PGL PGM PHAPCT40 PPM TPI AKGDb_copy2 ALATA_L,22,0.3821576,0.45111488,0.129796633640153,1.32437184242947
ACOAD7f AP4AS FBACS GDPMANNDH GLYALDDr HACD14i NDPK1 PGI PGK ALDD2x ATHRDHr 3OADPCOAT,12,0.40935496,0.1845716,0.111160397323633,1.36336800802103
ECOAH4 GLU5K GLXCL HACD4i HACD6i HACD8i HSK MAN6PI NADHPO PDE4 PGI PGK RECOAH3 AKGDa,14,0.40887639,0.18435582,0.111246531011487,1.36352132264156
ACSPHAC120 APG3PAT160 DLMETR FBACS GDPMANNDH GLUDxi GLXCL GLYCK HACD22i HSK HXPRT ACACT13 OIVD2 PGI PGK PHAPCT40 PTRCTA ADD AKGDb_copy2 ACALD ADPT,21,0.40284029,0.18163424,0.112458562672567,1.36546239284184
ACSPHAC141 CYSTS DAAD EDA GDPMANNDH GLUR GLYK HACD22i MAN6PI PDHcr PGI PGK PGMT PHADPCP60 PPCK QUIDHy UPPRT THRD_L HMR_0180_copy2 AGMT,20,0.40066371,0.18065286,0.114243588469742,1.36572000424923
ACSPHAC141 CYSTS DAAD EDA GDPMANNDH GLUR GLYK HACD22i MAN6PI PDHcr PGI PGK PGMT PHADPCP60 PPCK QUIDHy RHACOAE90 UPPRT THRD_L HMR_0180_copy2 AGMT,21,0.40066371,0.18065286,0.114243588469742,1.36572000424923
FBA GLXCL HACD6i MAN6PI MDH MGCH MLTGY4pp NACODA PGI PGK PHADPC121 PROD2 RECOAH3 RHACOAE90 AKGDb_copy2 AKGDb_copy1 3OADPCOAT,17,0.38320905,0.17278283,0.11879082709555,1.37160308272161
ACSPHAC142 ACSPHACP80 DLYSAD GDPMANNDH GGPTRCS GPDDA4 HACD4i KAT1 ACACT13 MAK MAN6PI PGI PGK PHAPCT40 QUIDH RHACOAEP80 TPI ABUTD ADA AGMT,20,0.41860868,0.05730083,0.0223131541371765,1.41198101160301
